SubstrateNumber,SiteName,Stream,Substrate,WeekRemoved,DaysInStream,PreDM,PostDM,PreAFDMest,PostAM,RespRateAvg,RespRateIndividual,SPC,Temp,pH,H,DO,SRP,Nitrate,Ammonium ,DIN,Open Water,Perennial Ice/Snow,"Developed, Open Space","Developed, Low Intensity","Developed, Medium Inensity","Developed, High Intensity",Barren Land (Rock/Sand/Clay,Deciduous Forest,Evergreen Forest,Mixed Forest,Shrub/Scrub,Grassland/Herbaceous,Pasture/Hay,Cultivated Crops,Woody Wetlands,Emergent Herbaceous Wetlands
1,NoFr03,North Fork Creek,Cellulose,3,21,0.274,0.191,0.246723226,0.0341,0.258363433,NA,434.675,19.7675,8.29,5.13E-09,8.6525,56.7,415.5,83.05,498.55,0,0,6,1.5,0.1,0.1,0,84.3,0,0,0,1.4,1.6,5,0,0
2,NoFr03,North Fork Creek,Cellulose,3,21,0.2709,0.1841,0.243931832,0.0303,0.258363433,NA,434.675,19.7675,8.29,5.13E-09,8.6525,56.7,415.5,83.05,498.55,0,0,6,1.5,0.1,0.1,0,84.3,0,0,0,1.4,1.6,5,0,0
3,NoFr03,North Fork Creek,Cellulose,2,14,0.2826,0.2057,0.254467094,0.0365,0.258363433,NA,434.675,19.7675,8.29,5.13E-09,8.6525,56.7,415.5,83.05,498.55,0,0,6,1.5,0.1,0.1,0,84.3,0,0,0,1.4,1.6,5,0,0
4,NoFr03,North Fork Creek,Cellulose,2,14,0.2794,0.2148,0.251585655,0.0427,0.258363433,NA,434.675,19.7675,8.29,5.13E-09,8.6525,56.7,415.5,83.05,498.55,0,0,6,1.5,0.1,0.1,0,84.3,0,0,0,1.4,1.6,5,0,0
5,NoFr03,North Fork Creek,Cellulose,4,28,0.2574,0.1943,0.231775761,0.0492,0.258363433,0.195175741,434.675,19.7675,8.29,5.13E-09,8.6525,56.7,415.5,83.05,498.55,0,0,6,1.5,0.1,0.1,0,84.3,0,0,0,1.4,1.6,5,0,0
6,NoFr03,North Fork Creek,Cellulose,1,7,0.2668,0.1953,0.240239988,0.0193,0.258363433,NA,434.675,19.7675,8.29,5.13E-09,8.6525,56.7,415.5,83.05,498.55,0,0,6,1.5,0.1,0.1,0,84.3,0,0,0,1.4,1.6,5,0,0
7,NoFr03,North Fork Creek,Cellulose,2,14,0.2835,0.2131,0.255277499,0.0416,0.258363433,NA,434.675,19.7675,8.29,5.13E-09,8.6525,56.7,415.5,83.05,498.55,0,0,6,1.5,0.1,0.1,0,84.3,0,0,0,1.4,1.6,5,0,0
8,NoFr03,North Fork Creek,Cellulose,1,7,0.2836,0.2076,0.255367544,0.0234,0.258363433,NA,434.675,19.7675,8.29,5.13E-09,8.6525,56.7,415.5,83.05,498.55,0,0,6,1.5,0.1,0.1,0,84.3,0,0,0,1.4,1.6,5,0,0
9,NoFr03,North Fork Creek,Cellulose,4,28,0.2694,0.2109,0.242581157,0.0681,0.258363433,0.312605042,434.675,19.7675,8.29,5.13E-09,8.6525,56.7,415.5,83.05,498.55,0,0,6,1.5,0.1,0.1,0,84.3,0,0,0,1.4,1.6,5,0,0
10,NoFr03,North Fork Creek,Cellulose,4,28,0.2734,0.1944,0.246182956,0.0451,0.258363433,0.305425318,434.675,19.7675,8.29,5.13E-09,8.6525,56.7,415.5,83.05,498.55,0,0,6,1.5,0.1,0.1,0,84.3,0,0,0,1.4,1.6,5,0,0
11,NoFr03,North Fork Creek,Cellulose,3,21,0.2682,0.1868,0.241500618,0.0305,0.258363433,NA,434.675,19.7675,8.29,5.13E-09,8.6525,56.7,415.5,83.05,498.55,0,0,6,1.5,0.1,0.1,0,84.3,0,0,0,1.4,1.6,5,0,0
12,NoFr03,North Fork Creek,Cellulose,3,21,0.2774,0.1864,0.249784755,0.0289,0.258363433,NA,434.675,19.7675,8.29,5.13E-09,8.6525,56.7,415.5,83.05,498.55,0,0,6,1.5,0.1,0.1,0,84.3,0,0,0,1.4,1.6,5,0,0
13,NoFr03,North Fork Creek,Cellulose,4,28,0.25,0.1908,0.225112433,0.0535,0.258363433,0.220247633,434.675,19.7675,8.29,5.13E-09,8.6525,56.7,415.5,83.05,498.55,0,0,6,1.5,0.1,0.1,0,84.3,0,0,0,1.4,1.6,5,0,0
14,NoFr03,North Fork Creek,Cellulose,1,7,0.2649,0.2019,0.238529134,0.0259,0.258363433,NA,434.675,19.7675,8.29,5.13E-09,8.6525,56.7,415.5,83.05,498.55,0,0,6,1.5,0.1,0.1,0,84.3,0,0,0,1.4,1.6,5,0,0
15,NoFr03,North Fork Creek,Cellulose,1,7,0.2672,0.2036,0.240600168,0.0268,0.258363433,NA,434.675,19.7675,8.29,5.13E-09,8.6525,56.7,415.5,83.05,498.55,0,0,6,1.5,0.1,0.1,0,84.3,0,0,0,1.4,1.6,5,0,0
16,NoFr03,North Fork Creek,Cellulose,2,14,0.2728,0.2127,0.245642686,0.0452,0.258363433,NA,434.675,19.7675,8.29,5.13E-09,8.6525,56.7,415.5,83.05,498.55,0,0,6,1.5,0.1,0.1,0,84.3,0,0,0,1.4,1.6,5,0,0
17,NoFr01,North Fork Creek,Cellulose,2,14,0.2676,0.2067,0.240960348,0.0625,0.605278282,NA,601.35,20.74,8.3275,4.70E-09,9.3825,73.3,568.5,127.45,695.95,0,0,17.1,10.3,2.5,0,7.1,52.9,0,0.2,0,9.8,0.1,0,0,0
18,NoFr01,North Fork Creek,Cellulose,2,14,0.2745,0.2038,0.247173451,0.0763,0.605278282,NA,601.35,20.74,8.3275,4.70E-09,9.3825,73.3,568.5,127.45,695.95,0,0,17.1,10.3,2.5,0,7.1,52.9,0,0.2,0,9.8,0.1,0,0,0
19,NoFr01,North Fork Creek,Cellulose,1,7,0.2621,0.2373,0.236007874,0.0708,0.605278282,NA,601.35,20.74,8.3275,4.70E-09,9.3825,73.3,568.5,127.45,695.95,0,0,17.1,10.3,2.5,0,7.1,52.9,0,0.2,0,9.8,0.1,0,0,0
20,NoFr01,North Fork Creek,Cellulose,4,28,0.272,0.1593,0.244922327,0.0715,0.605278282,0.639635535,601.35,20.74,8.3275,4.70E-09,9.3825,73.3,568.5,127.45,695.95,0,0,17.1,10.3,2.5,0,7.1,52.9,0,0.2,0,9.8,0.1,0,0,0
21,NoFr01,North Fork Creek,Cellulose,4,28,0.2686,0.1703,0.241860798,0.0531,0.605278282,0.397269625,601.35,20.74,8.3275,4.70E-09,9.3825,73.3,568.5,127.45,695.95,0,0,17.1,10.3,2.5,0,7.1,52.9,0,0.2,0,9.8,0.1,0,0,0
22,NoFr01,North Fork Creek,Cellulose,2,14,0.2777,0.218,0.25005489,0.0753,0.605278282,NA,601.35,20.74,8.3275,4.70E-09,9.3825,73.3,568.5,127.45,695.95,0,0,17.1,10.3,2.5,0,7.1,52.9,0,0.2,0,9.8,0.1,0,0,0
23,NoFr01,North Fork Creek,Cellulose,3,21,0.2734,0.189,0.246182956,0.0598,0.605278282,NA,601.35,20.74,8.3275,4.70E-09,9.3825,73.3,568.5,127.45,695.95,0,0,17.1,10.3,2.5,0,7.1,52.9,0,0.2,0,9.8,0.1,0,0,0
24,NoFr01,North Fork Creek,Cellulose,4,28,0.2755,0.1701,0.248073901,0.0779,0.605278282,0.702819957,601.35,20.74,8.3275,4.70E-09,9.3825,73.3,568.5,127.45,695.95,0,0,17.1,10.3,2.5,0,7.1,52.9,0,0.2,0,9.8,0.1,0,0,0
25,NoFr01,North Fork Creek,Cellulose,2,14,0.2745,0.2114,0.247173451,0.071,0.605278282,NA,601.35,20.74,8.3275,4.70E-09,9.3825,73.3,568.5,127.45,695.95,0,0,17.1,10.3,2.5,0,7.1,52.9,0,0.2,0,9.8,0.1,0,0,0
26,NoFr01,North Fork Creek,Cellulose,1,7,0.2701,0.2441,0.243211472,0.0797,0.605278282,NA,601.35,20.74,8.3275,4.70E-09,9.3825,73.3,568.5,127.45,695.95,0,0,17.1,10.3,2.5,0,7.1,52.9,0,0.2,0,9.8,0.1,0,0,0
27,NoFr01,North Fork Creek,Cellulose,3,21,0.2635,0.1824,0.237268504,0.053,0.605278282,NA,601.35,20.74,8.3275,4.70E-09,9.3825,73.3,568.5,127.45,695.95,0,0,17.1,10.3,2.5,0,7.1,52.9,0,0.2,0,9.8,0.1,0,0,0
28,NoFr01,North Fork Creek,Cellulose,4,28,0.2712,0.1693,0.244201967,0.0742,0.605278282,0.681388013,601.35,20.74,8.3275,4.70E-09,9.3825,73.3,568.5,127.45,695.95,0,0,17.1,10.3,2.5,0,7.1,52.9,0,0.2,0,9.8,0.1,0,0,0
29,NoFr01,North Fork Creek,Cellulose,3,21,0.2712,0.1875,0.244201967,0.0515,0.605278282,NA,601.35,20.74,8.3275,4.70E-09,9.3825,73.3,568.5,127.45,695.95,0,0,17.1,10.3,2.5,0,7.1,52.9,0,0.2,0,9.8,0.1,0,0,0
30,NoFr01,North Fork Creek,Cellulose,1,7,0.2686,0.2472,0.241860798,0.0877,0.605278282,NA,601.35,20.74,8.3275,4.70E-09,9.3825,73.3,568.5,127.45,695.95,0,0,17.1,10.3,2.5,0,7.1,52.9,0,0.2,0,9.8,0.1,0,0,0
31,NoFr01,North Fork Creek,Cellulose,1,7,0.273,0.2596,0.245822776,0.0836,0.605278282,NA,601.35,20.74,8.3275,4.70E-09,9.3825,73.3,568.5,127.45,695.95,0,0,17.1,10.3,2.5,0,7.1,52.9,0,0.2,0,9.8,0.1,0,0,0
32,NoFr01,North Fork Creek,Cellulose,3,21,0.2739,0.1713,0.246633181,0.0511,0.605278282,NA,601.35,20.74,8.3275,4.70E-09,9.3825,73.3,568.5,127.45,695.95,0,0,17.1,10.3,2.5,0,7.1,52.9,0,0.2,0,9.8,0.1,0,0,0
33,ShCr02,Short Creek,Cellulose,1,7,0.2482,0.2026,0.223491623,0.0373,0.873296887,NA,1052.5,22.065,8.32,4.79E-09,8.5525,42.5,718,365.8,1083.8,0,0,10.1,2.3,0.6,0.2,2.6,57.7,0.2,0,0,2.5,15.9,7.9,0,0
34,ShCr02,Short Creek,Cellulose,1,7,0.2775,0.2471,0.2498748,0.0608,0.873296887,NA,1052.5,22.065,8.32,4.79E-09,8.5525,42.5,718,365.8,1083.8,0,0,10.1,2.3,0.6,0.2,2.6,57.7,0.2,0,0,2.5,15.9,7.9,0,0
35,ShCr02,Short Creek,Cellulose,2,14,0.2727,0.2319,0.245552641,0.0689,0.873296887,NA,1052.5,22.065,8.32,4.79E-09,8.5525,42.5,718,365.8,1083.8,0,0,10.1,2.3,0.6,0.2,2.6,57.7,0.2,0,0,2.5,15.9,7.9,0,0
36,ShCr02,Short Creek,Cellulose,2,14,0.2675,0.2178,0.240870303,0.0772,0.873296887,NA,1052.5,22.065,8.32,4.79E-09,8.5525,42.5,718,365.8,1083.8,0,0,10.1,2.3,0.6,0.2,2.6,57.7,0.2,0,0,2.5,15.9,7.9,0,0
37,ShCr02,Short Creek,Cellulose,3,21,0.2757,0.228,0.248253991,0.0725,0.873296887,NA,1052.5,22.065,8.32,4.79E-09,8.5525,42.5,718,365.8,1083.8,0,0,10.1,2.3,0.6,0.2,2.6,57.7,0.2,0,0,2.5,15.9,7.9,0,0
38,ShCr02,Short Creek,Cellulose,1,7,0.2688,0.2297,0.242040888,0.0527,0.873296887,NA,1052.5,22.065,8.32,4.79E-09,8.5525,42.5,718,365.8,1083.8,0,0,10.1,2.3,0.6,0.2,2.6,57.7,0.2,0,0,2.5,15.9,7.9,0,0
39,ShCr02,Short Creek,Cellulose,1,7,0.2583,0.2032,0.232586165,0.0338,0.873296887,NA,1052.5,22.065,8.32,4.79E-09,8.5525,42.5,718,365.8,1083.8,0,0,10.1,2.3,0.6,0.2,2.6,57.7,0.2,0,0,2.5,15.9,7.9,0,0
40,ShCr02,Short Creek,Cellulose,2,14,0.2683,0.2195,0.241590663,0.0849,0.873296887,NA,1052.5,22.065,8.32,4.79E-09,8.5525,42.5,718,365.8,1083.8,0,0,10.1,2.3,0.6,0.2,2.6,57.7,0.2,0,0,2.5,15.9,7.9,0,0
41,ShCr02,Short Creek,Cellulose,4,28,0.2584,0.2364,0.23267621,0.1,0.873296887,0.804692082,1052.5,22.065,8.32,4.79E-09,8.5525,42.5,718,365.8,1083.8,0,0,10.1,2.3,0.6,0.2,2.6,57.7,0.2,0,0,2.5,15.9,7.9,0,0
42,ShCr02,Short Creek,Cellulose,2,14,0.2568,0.2092,0.231235491,0.0587,0.873296887,NA,1052.5,22.065,8.32,4.79E-09,8.5525,42.5,718,365.8,1083.8,0,0,10.1,2.3,0.6,0.2,2.6,57.7,0.2,0,0,2.5,15.9,7.9,0,0
43,ShCr02,Short Creek,Cellulose,3,21,0.267,0.2404,0.240420078,0.0793,0.873296887,NA,1052.5,22.065,8.32,4.79E-09,8.5525,42.5,718,365.8,1083.8,0,0,10.1,2.3,0.6,0.2,2.6,57.7,0.2,0,0,2.5,15.9,7.9,0,0
44,ShCr02,Short Creek,Cellulose,4,28,0.2661,0.2503,0.239609673,0.144,0.873296887,0.942238946,1052.5,22.065,8.32,4.79E-09,8.5525,42.5,718,365.8,1083.8,0,0,10.1,2.3,0.6,0.2,2.6,57.7,0.2,0,0,2.5,15.9,7.9,0,0
45,ShCr02,Short Creek,Cellulose,4,28,0.263,0.1656,0.236818279,0.0614,0.873296887,0.859884837,1052.5,22.065,8.32,4.79E-09,8.5525,42.5,718,365.8,1083.8,0,0,10.1,2.3,0.6,0.2,2.6,57.7,0.2,0,0,2.5,15.9,7.9,0,0
46,ShCr02,Short Creek,Cellulose,4,28,0.2604,0.2018,0.23447711,0.0888,0.873296887,0.886371681,1052.5,22.065,8.32,4.79E-09,8.5525,42.5,718,365.8,1083.8,0,0,10.1,2.3,0.6,0.2,2.6,57.7,0.2,0,0,2.5,15.9,7.9,0,0
47,ShCr02,Short Creek,Cellulose,3,21,0.2774,0.254,0.249784755,0.088,0.873296887,NA,1052.5,22.065,8.32,4.79E-09,8.5525,42.5,718,365.8,1083.8,0,0,10.1,2.3,0.6,0.2,2.6,57.7,0.2,0,0,2.5,15.9,7.9,0,0
48,ShCr02,Short Creek,Cellulose,3,21,0.2607,0.1856,0.234747245,0.0508,0.873296887,NA,1052.5,22.065,8.32,4.79E-09,8.5525,42.5,718,365.8,1083.8,0,0,10.1,2.3,0.6,0.2,2.6,57.7,0.2,0,0,2.5,15.9,7.9,0,0
49,BfCr01,Buffao Creek,Cellulose,4,28,0.2736,0.2061,0.246363046,0.0709,0.554372626,0.543195266,411.475,22.45,8.33,4.68E-09,9.035,40.4,253.85,114.1,367.95,0.1,0,7.4,0.6,0,0,1.4,63.4,0,0,0,0.6,2.6,21.4,1.8,0.6
50,BfCr01,Buffao Creek,Cellulose,1,7,0.2684,0.2339,0.241680708,0.0552,0.554372626,NA,411.475,22.45,8.33,4.68E-09,9.035,40.4,253.85,114.1,367.95,0.1,0,7.4,0.6,0,0,1.4,63.4,0,0,0,0.6,2.6,21.4,1.8,0.6
51,BfCr01,Buffao Creek,Cellulose,3,21,0.2684,0.1964,0.241680708,0.0517,0.554372626,NA,411.475,22.45,8.33,4.68E-09,9.035,40.4,253.85,114.1,367.95,0.1,0,7.4,0.6,0,0,1.4,63.4,0,0,0,0.6,2.6,21.4,1.8,0.6
52,BfCr01,Buffao Creek,Cellulose,2,14,0.2776,0.2191,0.249964845,0.0559,0.554372626,NA,411.475,22.45,8.33,4.68E-09,9.035,40.4,253.85,114.1,367.95,0.1,0,7.4,0.6,0,0,1.4,63.4,0,0,0,0.6,2.6,21.4,1.8,0.6
53,BfCr01,Buffao Creek,Cellulose,2,14,0.281,0.2189,0.253026374,0.0535,0.554372626,NA,411.475,22.45,8.33,4.68E-09,9.035,40.4,253.85,114.1,367.95,0.1,0,7.4,0.6,0,0,1.4,63.4,0,0,0,0.6,2.6,21.4,1.8,0.6
54,BfCr01,Buffao Creek,Cellulose,2,14,0.2567,0.2017,0.231145446,0.0497,0.554372626,NA,411.475,22.45,8.33,4.68E-09,9.035,40.4,253.85,114.1,367.95,0.1,0,7.4,0.6,0,0,1.4,63.4,0,0,0,0.6,2.6,21.4,1.8,0.6
55,BfCr01,Buffao Creek,Cellulose,4,28,0.2653,0.2064,0.238889313,0.0726,0.554372626,0.69955157,411.475,22.45,8.33,4.68E-09,9.035,40.4,253.85,114.1,367.95,0.1,0,7.4,0.6,0,0,1.4,63.4,0,0,0,0.6,2.6,21.4,1.8,0.6
56,BfCr01,Buffao Creek,Cellulose,4,28,0.2832,0.21,0.255007364,0.0666,0.554372626,0.364853556,411.475,22.45,8.33,4.68E-09,9.035,40.4,253.85,114.1,367.95,0.1,0,7.4,0.6,0,0,1.4,63.4,0,0,0,0.6,2.6,21.4,1.8,0.6
57,BfCr01,Buffao Creek,Cellulose,3,21,0.2737,0.2187,0.246453091,0.0681,0.554372626,NA,411.475,22.45,8.33,4.68E-09,9.035,40.4,253.85,114.1,367.95,0.1,0,7.4,0.6,0,0,1.4,63.4,0,0,0,0.6,2.6,21.4,1.8,0.6
58,BfCr01,Buffao Creek,Cellulose,1,7,0.2444,0.2147,0.220069914,0.0556,0.554372626,NA,411.475,22.45,8.33,4.68E-09,9.035,40.4,253.85,114.1,367.95,0.1,0,7.4,0.6,0,0,1.4,63.4,0,0,0,0.6,2.6,21.4,1.8,0.6
59,BfCr01,Buffao Creek,Cellulose,4,28,0.2888,0.2103,0.260049882,0.0647,0.554372626,0.60989011,411.475,22.45,8.33,4.68E-09,9.035,40.4,253.85,114.1,367.95,0.1,0,7.4,0.6,0,0,1.4,63.4,0,0,0,0.6,2.6,21.4,1.8,0.6
60,BfCr01,Buffao Creek,Cellulose,3,21,0.2762,0.2043,0.248704216,0.0507,0.554372626,NA,411.475,22.45,8.33,4.68E-09,9.035,40.4,253.85,114.1,367.95,0.1,0,7.4,0.6,0,0,1.4,63.4,0,0,0,0.6,2.6,21.4,1.8,0.6
61,BfCr01,Buffao Creek,Cellulose,1,7,0.2778,0.2379,0.250144935,0.0562,0.554372626,NA,411.475,22.45,8.33,4.68E-09,9.035,40.4,253.85,114.1,367.95,0.1,0,7.4,0.6,0,0,1.4,63.4,0,0,0,0.6,2.6,21.4,1.8,0.6
62,BfCr01,Buffao Creek,Cellulose,2,14,0.2824,0.2396,0.254287004,0.0679,0.554372626,NA,411.475,22.45,8.33,4.68E-09,9.035,40.4,253.85,114.1,367.95,0.1,0,7.4,0.6,0,0,1.4,63.4,0,0,0,0.6,2.6,21.4,1.8,0.6
63,BfCr01,Buffao Creek,Cellulose,3,21,0.2779,0.2201,0.25023498,0.0642,0.554372626,NA,411.475,22.45,8.33,4.68E-09,9.035,40.4,253.85,114.1,367.95,0.1,0,7.4,0.6,0,0,1.4,63.4,0,0,0,0.6,2.6,21.4,1.8,0.6
64,BfCr01,Buffao Creek,Cellulose,1,7,0.2612,0.2409,0.23519747,0.0696,0.554372626,NA,411.475,22.45,8.33,4.68E-09,9.035,40.4,253.85,114.1,367.95,0.1,0,7.4,0.6,0,0,1.4,63.4,0,0,0,0.6,2.6,21.4,1.8,0.6
65,BfCr02,Buffao Creek,Cellulose,2,14,0.2647,0.2082,0.238349044,0.0493,0.467943355,NA,452.675,22.4925,8.34,4.57E-09,8.865,42.3,405.1,82.25,487.35,2.3,0,8.3,2.9,0,0,0,72.9,1.4,0,0,1.9,4.7,4.3,0,1.3
66,BfCr02,Buffao Creek,Cellulose,2,14,0.2453,0.1862,0.220880319,0.0368,0.467943355,NA,452.675,22.4925,8.34,4.57E-09,8.865,42.3,405.1,82.25,487.35,2.3,0,8.3,2.9,0,0,0,72.9,1.4,0,0,1.9,4.7,4.3,0,1.3
67,BfCr02,Buffao Creek,Cellulose,4,28,0.2702,0.2446,0.243301517,0.1005,0.467943355,0.480777238,452.675,22.4925,8.34,4.57E-09,8.865,42.3,405.1,82.25,487.35,2.3,0,8.3,2.9,0,0,0,72.9,1.4,0,0,1.9,4.7,4.3,0,1.3
68,BfCr02,Buffao Creek,Cellulose,2,14,0.2592,0.1976,0.23339657,0.0384,0.467943355,NA,452.675,22.4925,8.34,4.57E-09,8.865,42.3,405.1,82.25,487.35,2.3,0,8.3,2.9,0,0,0,72.9,1.4,0,0,1.9,4.7,4.3,0,1.3
69,BfCr02,Buffao Creek,Cellulose,4,28,0.261,0.2371,0.23501738,0.09,0.467943355,0.320870156,452.675,22.4925,8.34,4.57E-09,8.865,42.3,405.1,82.25,487.35,2.3,0,8.3,2.9,0,0,0,72.9,1.4,0,0,1.9,4.7,4.3,0,1.3
70,BfCr02,Buffao Creek,Cellulose,4,28,0.2776,0.2608,0.249964845,0.0993,0.467943355,0.327925697,452.675,22.4925,8.34,4.57E-09,8.865,42.3,405.1,82.25,487.35,2.3,0,8.3,2.9,0,0,0,72.9,1.4,0,0,1.9,4.7,4.3,0,1.3
71,BfCr02,Buffao Creek,Cellulose,4,28,0.2543,0.2202,0.228984366,0.0984,0.467943355,0.742200328,452.675,22.4925,8.34,4.57E-09,8.865,42.3,405.1,82.25,487.35,2.3,0,8.3,2.9,0,0,0,72.9,1.4,0,0,1.9,4.7,4.3,0,1.3
72,BfCr02,Buffao Creek,Cellulose,3,21,0.2657,0.1878,0.239249493,0.0425,0.467943355,NA,452.675,22.4925,8.34,4.57E-09,8.865,42.3,405.1,82.25,487.35,2.3,0,8.3,2.9,0,0,0,72.9,1.4,0,0,1.9,4.7,4.3,0,1.3
73,BfCr02,Buffao Creek,Cellulose,3,21,0.2811,0.2183,0.253116419,0.0652,0.467943355,NA,452.675,22.4925,8.34,4.57E-09,8.865,42.3,405.1,82.25,487.35,2.3,0,8.3,2.9,0,0,0,72.9,1.4,0,0,1.9,4.7,4.3,0,1.3
74,BfCr02,Buffao Creek,Cellulose,1,7,0.2614,0.2201,0.23537756,0.0486,0.467943355,NA,452.675,22.4925,8.34,4.57E-09,8.865,42.3,405.1,82.25,487.35,2.3,0,8.3,2.9,0,0,0,72.9,1.4,0,0,1.9,4.7,4.3,0,1.3
75,BfCr02,Buffao Creek,Cellulose,3,21,0.2794,0.2206,0.251585655,0.0596,0.467943355,NA,452.675,22.4925,8.34,4.57E-09,8.865,42.3,405.1,82.25,487.35,2.3,0,8.3,2.9,0,0,0,72.9,1.4,0,0,1.9,4.7,4.3,0,1.3
76,BfCr02,Buffao Creek,Cellulose,1,7,0.28,0.2309,0.252125925,0.0469,0.467943355,NA,452.675,22.4925,8.34,4.57E-09,8.865,42.3,405.1,82.25,487.35,2.3,0,8.3,2.9,0,0,0,72.9,1.4,0,0,1.9,4.7,4.3,0,1.3
77,BfCr02,Buffao Creek,Cellulose,1,7,0.2804,0.2402,0.252486104,0.0576,0.467943355,NA,452.675,22.4925,8.34,4.57E-09,8.865,42.3,405.1,82.25,487.35,2.3,0,8.3,2.9,0,0,0,72.9,1.4,0,0,1.9,4.7,4.3,0,1.3
78,BfCr02,Buffao Creek,Cellulose,2,14,0.2857,0.2195,0.257258488,0.0462,0.467943355,NA,452.675,22.4925,8.34,4.57E-09,8.865,42.3,405.1,82.25,487.35,2.3,0,8.3,2.9,0,0,0,72.9,1.4,0,0,1.9,4.7,4.3,0,1.3
79,BfCr02,Buffao Creek,Cellulose,3,21,0.2647,0.202,0.238349044,0.0499,0.467943355,NA,452.675,22.4925,8.34,4.57E-09,8.865,42.3,405.1,82.25,487.35,2.3,0,8.3,2.9,0,0,0,72.9,1.4,0,0,1.9,4.7,4.3,0,1.3
80,BfCr02,Buffao Creek,Cellulose,1,7,0.2774,0.2435,0.249784755,0.0609,0.467943355,NA,452.675,22.4925,8.34,4.57E-09,8.865,42.3,405.1,82.25,487.35,2.3,0,8.3,2.9,0,0,0,72.9,1.4,0,0,1.9,4.7,4.3,0,1.3
81,WeCr07,Wheeling Creek,Cellulose,1,7,0.256,0.2362,0.230515131,0.0648,0.370738959,NA,522.3333333,24.48166667,8.471666667,3.38E-09,9.8925,29.79,169,95.5,264.5,0,0,16.3,26.6,34.1,14.8,0,8.2,0,0,0,0,0,0,0,0
82,WeCr07,Wheeling Creek,Cellulose,4,28,0.2772,0.1905,0.249604665,0.0403,0.370738959,0.260985353,522.3333333,24.48166667,8.471666667,3.38E-09,9.8925,29.79,169,95.5,264.5,0,0,16.3,26.6,34.1,14.8,0,8.2,0,0,0,0,0,0,0,0
83,WeCr07,Wheeling Creek,Cellulose,3,21,0.2491,0.206,0.224302028,0.0717,0.370738959,NA,522.3333333,24.48166667,8.471666667,3.38E-09,9.8925,29.79,169,95.5,264.5,0,0,16.3,26.6,34.1,14.8,0,8.2,0,0,0,0,0,0,0,0
84,WeCr07,Wheeling Creek,Cellulose,2,14,0.2629,0.1991,0.236728234,0.0361,0.370738959,NA,522.3333333,24.48166667,8.471666667,3.38E-09,9.8925,29.79,169,95.5,264.5,0,0,16.3,26.6,34.1,14.8,0,8.2,0,0,0,0,0,0,0,0
85,WeCr07,Wheeling Creek,Cellulose,4,28,0.2636,0.201,0.237358549,0.0526,0.370738959,0.296495957,522.3333333,24.48166667,8.471666667,3.38E-09,9.8925,29.79,169,95.5,264.5,0,0,16.3,26.6,34.1,14.8,0,8.2,0,0,0,0,0,0,0,0
86,WeCr07,Wheeling Creek,Cellulose,1,7,0.2701,0.2573,0.243211472,0.0765,0.370738959,NA,522.3333333,24.48166667,8.471666667,3.38E-09,9.8925,29.79,169,95.5,264.5,0,0,16.3,26.6,34.1,14.8,0,8.2,0,0,0,0,0,0,0,0
87,WeCr07,Wheeling Creek,Cellulose,2,14,0.2578,0.1997,0.23213594,0.0417,0.370738959,NA,522.3333333,24.48166667,8.471666667,3.38E-09,9.8925,29.79,169,95.5,264.5,0,0,16.3,26.6,34.1,14.8,0,8.2,0,0,0,0,0,0,0,0
88,WeCr07,Wheeling Creek,Cellulose,3,21,0.268,0.2001,0.241320528,0.0489,0.370738959,NA,522.3333333,24.48166667,8.471666667,3.38E-09,9.8925,29.79,169,95.5,264.5,0,0,16.3,26.6,34.1,14.8,0,8.2,0,0,0,0,0,0,0,0
89,WeCr07,Wheeling Creek,Cellulose,4,28,0.2515,0.1777,0.226463107,0.0545,0.370738959,0.544155844,522.3333333,24.48166667,8.471666667,3.38E-09,9.8925,29.79,169,95.5,264.5,0,0,16.3,26.6,34.1,14.8,0,8.2,0,0,0,0,0,0,0,0
90,WeCr07,Wheeling Creek,Cellulose,3,21,0.2662,0.2002,0.239699718,0.0581,0.370738959,NA,522.3333333,24.48166667,8.471666667,3.38E-09,9.8925,29.79,169,95.5,264.5,0,0,16.3,26.6,34.1,14.8,0,8.2,0,0,0,0,0,0,0,0
91,WeCr07,Wheeling Creek,Cellulose,3,21,0.2706,0.2037,0.243661697,0.0572,0.370738959,NA,522.3333333,24.48166667,8.471666667,3.38E-09,9.8925,29.79,169,95.5,264.5,0,0,16.3,26.6,34.1,14.8,0,8.2,0,0,0,0,0,0,0,0
92,WeCr07,Wheeling Creek,Cellulose,2,14,0.2721,0.2344,0.245012372,0.0722,0.370738959,NA,522.3333333,24.48166667,8.471666667,3.38E-09,9.8925,29.79,169,95.5,264.5,0,0,16.3,26.6,34.1,14.8,0,8.2,0,0,0,0,0,0,0,0
93,WeCr07,Wheeling Creek,Cellulose,2,14,0.2636,0.2042,0.237358549,0.0492,0.370738959,NA,522.3333333,24.48166667,8.471666667,3.38E-09,9.8925,29.79,169,95.5,264.5,0,0,16.3,26.6,34.1,14.8,0,8.2,0,0,0,0,0,0,0,0
94,WeCr07,Wheeling Creek,Cellulose,1,7,0.2743,0.2766,0.246993361,0.0935,0.370738959,NA,522.3333333,24.48166667,8.471666667,3.38E-09,9.8925,29.79,169,95.5,264.5,0,0,16.3,26.6,34.1,14.8,0,8.2,0,0,0,0,0,0,0,0
95,WeCr07,Wheeling Creek,Cellulose,4,28,0.2782,0.1967,0.250505115,0.0511,0.370738959,0.381318681,522.3333333,24.48166667,8.471666667,3.38E-09,9.8925,29.79,169,95.5,264.5,0,0,16.3,26.6,34.1,14.8,0,8.2,0,0,0,0,0,0,0,0
96,WeCr07,Wheeling Creek,Cellulose,1,7,0.2598,0.243,0.23393684,0.0707,0.370738959,,522.3333333,24.48166667,8.471666667,3.38E-09,9.8925,29.79,169,95.5,264.5,0,0,16.3,26.6,34.1,14.8,0,8.2,0,0,0,0,0,0,0,0
97,WdCr,Woodsdale Creek,Cellulose,1,7,0.2838,0.2475,0.255547633,0.0687,NA,NA,764.6666667,23.23166667,8.376666667,,7.513333333,53.8,239.7,77.3,317,0,0,13.4,32.4,45.1,5.9,0,3.2,0,0,0,0,0,0,0,0
98,WdCr,Woodsdale Creek,Cellulose,NA,NA,0.2524,NA,0.227273512,NA,NA,NA,764.6666667,23.23166667,8.376666667,,7.513333333,53.8,239.7,77.3,317,0,0,13.4,32.4,45.1,5.9,0,3.2,0,0,0,0,0,0,0,0
99,WdCr,Woodsdale Creek,Cellulose,NA,NA,0.2529,NA,0.227723737,NA,NA,NA,764.6666667,23.23166667,8.376666667,,7.513333333,53.8,239.7,77.3,317,0,0,13.4,32.4,45.1,5.9,0,3.2,0,0,0,0,0,0,0,0
100,WdCr,Woodsdale Creek,Cellulose,NA,NA,0.2724,NA,0.245282507,NA,NA,NA,764.6666667,23.23166667,8.376666667,,7.513333333,53.8,239.7,77.3,317,0,0,13.4,32.4,45.1,5.9,0,3.2,0,0,0,0,0,0,0,0
101,WdCr,Woodsdale Creek,Cellulose,NA,NA,0.2704,NA,0.243481607,NA,NA,NA,764.6666667,23.23166667,8.376666667,,7.513333333,53.8,239.7,77.3,317,0,0,13.4,32.4,45.1,5.9,0,3.2,0,0,0,0,0,0,0,0
102,WdCr,Woodsdale Creek,Cellulose,1,7,0.267,0.2465,0.240420078,0.1072,NA,NA,764.6666667,23.23166667,8.376666667,,7.513333333,53.8,239.7,77.3,317,0,0,13.4,32.4,45.1,5.9,0,3.2,0,0,0,0,0,0,0,0
103,WdCr,Woodsdale Creek,Cellulose,NA,NA,0.2641,NA,0.237808774,NA,NA,NA,764.6666667,23.23166667,8.376666667,,7.513333333,53.8,239.7,77.3,317,0,0,13.4,32.4,45.1,5.9,0,3.2,0,0,0,0,0,0,0,0
104,WdCr,Woodsdale Creek,Cellulose,NA,NA,0.2578,NA,0.23213594,NA,NA,NA,764.6666667,23.23166667,8.376666667,,7.513333333,53.8,239.7,77.3,317,0,0,13.4,32.4,45.1,5.9,0,3.2,0,0,0,0,0,0,0,0
105,WdCr,Woodsdale Creek,Cellulose,NA,NA,0.241,NA,0.217008385,NA,NA,NA,764.6666667,23.23166667,8.376666667,,7.513333333,53.8,239.7,77.3,317,0,0,13.4,32.4,45.1,5.9,0,3.2,0,0,0,0,0,0,0,0
106,WdCr,Woodsdale Creek,Cellulose,NA,NA,0.2629,NA,0.236728234,NA,NA,NA,764.6666667,23.23166667,8.376666667,,7.513333333,53.8,239.7,77.3,317,0,0,13.4,32.4,45.1,5.9,0,3.2,0,0,0,0,0,0,0,0
107,WdCr,Woodsdale Creek,Cellulose,NA,NA,0.2673,NA,0.240690213,NA,NA,NA,764.6666667,23.23166667,8.376666667,,7.513333333,53.8,239.7,77.3,317,0,0,13.4,32.4,45.1,5.9,0,3.2,0,0,0,0,0,0,0,0
108,WdCr,Woodsdale Creek,Cellulose,2,14,0.2687,0.2082,0.241950843,0.0569,NA,NA,764.6666667,23.23166667,8.376666667,,7.513333333,53.8,239.7,77.3,317,0,0,13.4,32.4,45.1,5.9,0,3.2,0,0,0,0,0,0,0,0
109,WdCr,Woodsdale Creek,Cellulose,2,14,0.2565,0.2023,0.230965356,0.0631,NA,NA,764.6666667,23.23166667,8.376666667,,7.513333333,53.8,239.7,77.3,317,0,0,13.4,32.4,45.1,5.9,0,3.2,0,0,0,0,0,0,0,0
110,WdCr,Woodsdale Creek,Cellulose,NA,NA,0.2627,NA,0.236548144,NA,NA,NA,764.6666667,23.23166667,8.376666667,,7.513333333,53.8,239.7,77.3,317,0,0,13.4,32.4,45.1,5.9,0,3.2,0,0,0,0,0,0,0,0
111,WdCr,Woodsdale Creek,Cellulose,2,14,0.2736,0.2213,0.246363046,0.0732,NA,NA,764.6666667,23.23166667,8.376666667,,7.513333333,53.8,239.7,77.3,317,0,0,13.4,32.4,45.1,5.9,0,3.2,0,0,0,0,0,0,0,0
112,WdCr,Woodsdale Creek,Cellulose,2,14,0.2589,0.2087,0.233126435,0.0588,NA,NA,764.6666667,23.23166667,8.376666667,,7.513333333,53.8,239.7,77.3,317,0,0,13.4,32.4,45.1,5.9,0,3.2,0,0,0,0,0,0,0,0
113,LrCr,Long Run Creek,Cellulose,2,14,0.2639,0.2259,0.237628684,0.0615,0.597455937,NA,652.3333333,22.5,8.36,4.37E-09,10.2225,54.5,304.355,79.4,383.755,0,0,25.2,30.4,23.3,8.5,0,12.7,0,0,0,0,0,0,0,0
114,LrCr,Long Run Creek,Cellulose,1,7,0.2448,0.2752,0.220430094,0.1204,0.597455937,NA,652.3333333,22.5,8.36,4.37E-09,10.2225,54.5,304.355,79.4,383.755,0,0,25.2,30.4,23.3,8.5,0,12.7,0,0,0,0,0,0,0,0
115,LrCr,Long Run Creek,Cellulose,2,14,0.2741,0.2498,0.246813271,0.0801,0.597455937,NA,652.3333333,22.5,8.36,4.37E-09,10.2225,54.5,304.355,79.4,383.755,0,0,25.2,30.4,23.3,8.5,0,12.7,0,0,0,0,0,0,0,0
116,LrCr,Long Run Creek,Cellulose,3,21,0.2653,0.2094,0.238889313,0.0878,0.597455937,NA,652.3333333,22.5,8.36,4.37E-09,10.2225,54.5,304.355,79.4,383.755,0,0,25.2,30.4,23.3,8.5,0,12.7,0,0,0,0,0,0,0,0
117,LrCr,Long Run Creek,Cellulose,4,28,0.2618,0.1874,0.235737739,0.0621,0.597455937,0.634636872,652.3333333,22.5,8.36,4.37E-09,10.2225,54.5,304.355,79.4,383.755,0,0,25.2,30.4,23.3,8.5,0,12.7,0,0,0,0,0,0,0,0
118,LrCr,Long Run Creek,Cellulose,3,21,0.268,0.2224,0.241320528,0.0722,0.597455937,NA,652.3333333,22.5,8.36,4.37E-09,10.2225,54.5,304.355,79.4,383.755,0,0,25.2,30.4,23.3,8.5,0,12.7,0,0,0,0,0,0,0,0
119,LrCr,Long Run Creek,Cellulose,3,21,0.2669,0.2032,0.240330033,0.0514,0.597455937,NA,652.3333333,22.5,8.36,4.37E-09,10.2225,54.5,304.355,79.4,383.755,0,0,25.2,30.4,23.3,8.5,0,12.7,0,0,0,0,0,0,0,0
120,LrCr,Long Run Creek,Cellulose,1,7,0.2528,0.3073,0.227633692,0.1466,0.597455937,NA,652.3333333,22.5,8.36,4.37E-09,10.2225,54.5,304.355,79.4,383.755,0,0,25.2,30.4,23.3,8.5,0,12.7,0,0,0,0,0,0,0,0
121,LrCr,Long Run Creek,Cellulose,4,28,0.2617,0.1845,0.235647694,0.051,0.597455937,0.538127341,652.3333333,22.5,8.36,4.37E-09,10.2225,54.5,304.355,79.4,383.755,0,0,25.2,30.4,23.3,8.5,0,12.7,0,0,0,0,0,0,0,0
122,LrCr,Long Run Creek,Cellulose,1,7,0.2714,0.3049,0.244382057,0.134,0.597455937,NA,652.3333333,22.5,8.36,4.37E-09,10.2225,54.5,304.355,79.4,383.755,0,0,25.2,30.4,23.3,8.5,0,12.7,0,0,0,0,0,0,0,0
123,LrCr,Long Run Creek,Cellulose,2,14,0.2646,0.2135,0.238258999,0.0503,0.597455937,NA,652.3333333,22.5,8.36,4.37E-09,10.2225,54.5,304.355,79.4,383.755,0,0,25.2,30.4,23.3,8.5,0,12.7,0,0,0,0,0,0,0,0
124,LrCr,Long Run Creek,Cellulose,4,28,0.2742,0.2244,0.246903316,0.0861,0.597455937,0.665220535,652.3333333,22.5,8.36,4.37E-09,10.2225,54.5,304.355,79.4,383.755,0,0,25.2,30.4,23.3,8.5,0,12.7,0,0,0,0,0,0,0,0
125,LrCr,Long Run Creek,Cellulose,1,7,0.2629,0.2923,0.236728234,0.1184,0.597455937,NA,652.3333333,22.5,8.36,4.37E-09,10.2225,54.5,304.355,79.4,383.755,0,0,25.2,30.4,23.3,8.5,0,12.7,0,0,0,0,0,0,0,0
126,LrCr,Long Run Creek,Cellulose,4,28,0.2732,0.2258,0.246002866,0.0817,0.597455937,0.551839001,652.3333333,22.5,8.36,4.37E-09,10.2225,54.5,304.355,79.4,383.755,0,0,25.2,30.4,23.3,8.5,0,12.7,0,0,0,0,0,0,0,0
127,LrCr,Long Run Creek,Cellulose,3,21,0.2507,0.1835,0.225742747,0.0547,0.597455937,NA,652.3333333,22.5,8.36,4.37E-09,10.2225,54.5,304.355,79.4,383.755,0,0,25.2,30.4,23.3,8.5,0,12.7,0,0,0,0,0,0,0,0
128,LrCr,Long Run Creek,Cellulose,2,14,0.2675,0.2232,0.240870303,0.06,0.597455937,NA,652.3333333,22.5,8.36,4.37E-09,10.2225,54.5,304.355,79.4,383.755,0,0,25.2,30.4,23.3,8.5,0,12.7,0,0,0,0,0,0,0,0
129,WeCr03,Wheeling Creek,Cellulose,4,28,0.2643,0.1944,0.237988864,0.0535,0.454789921,0.306600426,483.8833333,24.565,8.39,4.07E-09,8.4825,32.4,368,102.55,470.55,0.9,0,27.4,24.9,22.2,8,0,16.5,0,0,0,0,0,0,0,0
130,WeCr03,Wheeling Creek,Cellulose,3,21,0.2657,0.2069,0.239249493,0.049,0.454789921,NA,483.8833333,24.565,8.39,4.07E-09,8.4825,32.4,368,102.55,470.55,0.9,0,27.4,24.9,22.2,8,0,16.5,0,0,0,0,0,0,0,0
131,WeCr03,Wheeling Creek,Cellulose,2,14,0.2821,0.2098,0.254016869,0.0447,0.454789921,NA,483.8833333,24.565,8.39,4.07E-09,8.4825,32.4,368,102.55,470.55,0.9,0,27.4,24.9,22.2,8,0,16.5,0,0,0,0,0,0,0,0
132,WeCr03,Wheeling Creek,Cellulose,1,7,0.2539,0.2503,0.228624187,0.0827,0.454789921,NA,483.8833333,24.565,8.39,4.07E-09,8.4825,32.4,368,102.55,470.55,0.9,0,27.4,24.9,22.2,8,0,16.5,0,0,0,0,0,0,0,0
133,WeCr03,Wheeling Creek,Cellulose,1,7,0.271,0.24,0.244021877,0.0645,0.454789921,NA,483.8833333,24.565,8.39,4.07E-09,8.4825,32.4,368,102.55,470.55,0.9,0,27.4,24.9,22.2,8,0,16.5,0,0,0,0,0,0,0,0
134,WeCr03,Wheeling Creek,Cellulose,1,7,0.278,0.2551,0.250325025,0.0718,0.454789921,NA,483.8833333,24.565,8.39,4.07E-09,8.4825,32.4,368,102.55,470.55,0.9,0,27.4,24.9,22.2,8,0,16.5,0,0,0,0,0,0,0,0
135,WeCr03,Wheeling Creek,Cellulose,3,21,0.2684,0.1959,0.241680708,0.0331,0.454789921,NA,483.8833333,24.565,8.39,4.07E-09,8.4825,32.4,368,102.55,470.55,0.9,0,27.4,24.9,22.2,8,0,16.5,0,0,0,0,0,0,0,0
136,WeCr03,Wheeling Creek,Cellulose,2,14,0.27,0.2313,0.243121427,0.0666,0.454789921,NA,483.8833333,24.565,8.39,4.07E-09,8.4825,32.4,368,102.55,470.55,0.9,0,27.4,24.9,22.2,8,0,16.5,0,0,0,0,0,0,0,0
137,WeCr03,Wheeling Creek,Cellulose,3,21,0.2617,0.1704,0.235647694,0.0372,0.454789921,NA,483.8833333,24.565,8.39,4.07E-09,8.4825,32.4,368,102.55,470.55,0.9,0,27.4,24.9,22.2,8,0,16.5,0,0,0,0,0,0,0,0
138,WeCr03,Wheeling Creek,Cellulose,2,14,0.2562,0.2231,0.230695221,0.0688,0.454789921,NA,483.8833333,24.565,8.39,4.07E-09,8.4825,32.4,368,102.55,470.55,0.9,0,27.4,24.9,22.2,8,0,16.5,0,0,0,0,0,0,0,0
139,WeCr03,Wheeling Creek,Cellulose,4,28,0.274,0.1958,0.246723226,0.0476,0.454789921,0.310931174,483.8833333,24.565,8.39,4.07E-09,8.4825,32.4,368,102.55,470.55,0.9,0,27.4,24.9,22.2,8,0,16.5,0,0,0,0,0,0,0,0
140,WeCr03,Wheeling Creek,Cellulose,3,21,0.2574,0.211,0.231775761,0.063,0.454789921,NA,483.8833333,24.565,8.39,4.07E-09,8.4825,32.4,368,102.55,470.55,0.9,0,27.4,24.9,22.2,8,0,16.5,0,0,0,0,0,0,0,0
141,WeCr03,Wheeling Creek,Cellulose,4,28,0.2614,0.1862,0.23537756,0.0473,0.454789921,0.539092873,483.8833333,24.565,8.39,4.07E-09,8.4825,32.4,368,102.55,470.55,0.9,0,27.4,24.9,22.2,8,0,16.5,0,0,0,0,0,0,0,0
142,WeCr03,Wheeling Creek,Cellulose,2,14,0.2829,0.2354,0.254737229,0.0613,0.454789921,NA,483.8833333,24.565,8.39,4.07E-09,8.4825,32.4,368,102.55,470.55,0.9,0,27.4,24.9,22.2,8,0,16.5,0,0,0,0,0,0,0,0
143,WeCr03,Wheeling Creek,Cellulose,4,28,0.2603,0.207,0.234387065,0.065,0.454789921,0.662535211,483.8833333,24.565,8.39,4.07E-09,8.4825,32.4,368,102.55,470.55,0.9,0,27.4,24.9,22.2,8,0,16.5,0,0,0,0,0,0,0,0
144,WeCr03,Wheeling Creek,Cellulose,1,7,0.265,0.268,0.238619179,0.0899,0.454789921,NA,483.8833333,24.565,8.39,4.07E-09,8.4825,32.4,368,102.55,470.55,0.9,0,27.4,24.9,22.2,8,0,16.5,0,0,0,0,0,0,0,0
145,OhRv01,Ohio River,Cellulose,1,7,0.2687,0.3697,0.241950843,0.1829,0.610118994,NA,311.35,27.62333333,8.206666667,6.21E-09,8.0875,47.2,517,106.35,623.35,0.9,0,27.4,24.9,22.2,8,0,16.5,0,0,0,0,0,0,0,0
146,OhRv01,Ohio River,Cellulose,4,28,0.2802,0.1644,0.252306014,0.0556,0.610118994,0.575,311.35,27.62333333,8.206666667,6.21E-09,8.0875,47.2,517,106.35,623.35,30.3,0,11.2,19.7,26.2,9.7,0,2.9,0,0,0,0,0,0,0,0
147,OhRv01,Ohio River,Cellulose,3,21,0.2857,0.1777,0.257258488,0.048,0.610118994,NA,311.35,27.62333333,8.206666667,6.21E-09,8.0875,47.2,517,106.35,623.35,30.3,0,11.2,19.7,26.2,9.7,0,2.9,0,0,0,0,0,0,0,0
148,OhRv01,Ohio River,Cellulose,3,21,0.2655,0.1726,0.239069403,0.0447,0.610118994,NA,311.35,27.62333333,8.206666667,6.21E-09,8.0875,47.2,517,106.35,623.35,30.3,0,11.2,19.7,26.2,9.7,0,2.9,0,0,0,0,0,0,0,0
149,OhRv01,Ohio River,Cellulose,2,14,0.2503,0.1908,0.225382568,0.0498,0.610118994,NA,311.35,27.62333333,8.206666667,6.21E-09,8.0875,47.2,517,106.35,623.35,30.3,0,11.2,19.7,26.2,9.7,0,2.9,0,0,0,0,0,0,0,0
150,OhRv01,Ohio River,Cellulose,2,14,0.2562,0.2061,0.230695221,0.0619,0.610118994,NA,311.35,27.62333333,8.206666667,6.21E-09,8.0875,47.2,517,106.35,623.35,30.3,0,11.2,19.7,26.2,9.7,0,2.9,0,0,0,0,0,0,0,0
151,OhRv01,Ohio River,Cellulose,3,21,0.2851,0.1678,0.256718218,0.0418,0.610118994,NA,311.35,27.62333333,8.206666667,6.21E-09,8.0875,47.2,517,106.35,623.35,30.3,0,11.2,19.7,26.2,9.7,0,2.9,0,0,0,0,0,0,0,0
152,OhRv01,Ohio River,Cellulose,3,21,0.2753,0.1601,0.247893811,0.0309,0.610118994,NA,311.35,27.62333333,8.206666667,6.21E-09,8.0875,47.2,517,106.35,623.35,30.3,0,11.2,19.7,26.2,9.7,0,2.9,0,0,0,0,0,0,0,0
153,OhRv01,Ohio River,Cellulose,1,7,0.2619,0.2737,0.235827784,0.0979,0.610118994,NA,311.35,27.62333333,8.206666667,6.21E-09,8.0875,47.2,517,106.35,623.35,30.3,0,11.2,19.7,26.2,9.7,0,2.9,0,0,0,0,0,0,0,0
154,OhRv01,Ohio River,Cellulose,2,14,0.2636,0.1932,0.237358549,0.0454,0.610118994,NA,311.35,27.62333333,8.206666667,6.21E-09,8.0875,47.2,517,106.35,623.35,30.3,0,11.2,19.7,26.2,9.7,0,2.9,0,0,0,0,0,0,0,0
155,OhRv01,Ohio River,Cellulose,4,28,0.2552,0.1401,0.229794771,0.0335,0.610118994,0.577861163,311.35,27.62333333,8.206666667,6.21E-09,8.0875,47.2,517,106.35,623.35,30.3,0,11.2,19.7,26.2,9.7,0,2.9,0,0,0,0,0,0,0,0
156,OhRv01,Ohio River,Cellulose,1,7,0.2684,0.2622,0.241680708,0.0836,0.610118994,NA,311.35,27.62333333,8.206666667,6.21E-09,8.0875,47.2,517,106.35,623.35,30.3,0,11.2,19.7,26.2,9.7,0,2.9,0,0,0,0,0,0,0,0
157,OhRv01,Ohio River,Cellulose,4,28,0.2648,0.151,0.238439089,0.0343,0.610118994,0.749957155,311.35,27.62333333,8.206666667,6.21E-09,8.0875,47.2,517,106.35,623.35,30.3,0,11.2,19.7,26.2,9.7,0,2.9,0,0,0,0,0,0,0,0
158,OhRv01,Ohio River,Cellulose,2,14,0.276,0.2473,0.248524126,0.0869,0.610118994,NA,311.35,27.62333333,8.206666667,6.21E-09,8.0875,47.2,517,106.35,623.35,30.3,0,11.2,19.7,26.2,9.7,0,2.9,0,0,0,0,0,0,0,0
159,OhRv01,Ohio River,Cellulose,1,7,0.2786,0.3398,0.250865295,0.1536,0.610118994,NA,311.35,27.62333333,8.206666667,6.21E-09,8.0875,47.2,517,106.35,623.35,30.3,0,11.2,19.7,26.2,9.7,0,2.9,0,0,0,0,0,0,0,0
160,OhRv01,Ohio River,Cellulose,4,28,0.2794,0.1494,0.251585655,0.0384,0.610118994,0.537657658,311.35,27.62333333,8.206666667,6.21E-09,8.0875,47.2,517,106.35,623.35,30.3,0,11.2,19.7,26.2,9.7,0,2.9,0,0,0,0,0,0,0,0
1,NoFr03,North Fork Creek,Wood,3,21,0.2056,0.1979,0.203070081,0.0072,0.176288889,NA,434.675,19.7675,8.29,5.13E-09,8.6525,56.7,415.5,83.05,498.55,0,0,6,1.5,0.1,0.1,0,84.3,0,0,0,1.4,1.6,5,0,0
2,NoFr03,North Fork Creek,Wood,3,21,0.1811,0.1804,0.178871555,0.0118,0.176288889,NA,434.675,19.7675,8.29,5.13E-09,8.6525,56.7,415.5,83.05,498.55,0,0,6,1.5,0.1,0.1,0,84.3,0,0,0,1.4,1.6,5,0,0
3,NoFr03,North Fork Creek,Wood,2,14,0.2193,0.2134,0.216601502,0.0015,0.176288889,NA,434.675,19.7675,8.29,5.13E-09,8.6525,56.7,415.5,83.05,498.55,0,0,6,1.5,0.1,0.1,0,84.3,0,0,0,1.4,1.6,5,0,0
4,NoFr03,North Fork Creek,Wood,2,14,0.2053,0.2037,0.202773773,0.0082,0.176288889,NA,434.675,19.7675,8.29,5.13E-09,8.6525,56.7,415.5,83.05,498.55,0,0,6,1.5,0.1,0.1,0,84.3,0,0,0,1.4,1.6,5,0,0
5,NoFr03,North Fork Creek,Wood,4,28,0.1857,0.174,0.183414952,0.0076,0.176288889,0.152884615,434.675,19.7675,8.29,5.13E-09,8.6525,56.7,415.5,83.05,498.55,0,0,6,1.5,0.1,0.1,0,84.3,0,0,0,1.4,1.6,5,0,0
6,NoFr03,North Fork Creek,Wood,1,7,0.2143,0.2198,0.211663027,0.0106,0.176288889,NA,434.675,19.7675,8.29,5.13E-09,8.6525,56.7,415.5,83.05,498.55,0,0,6,1.5,0.1,0.1,0,84.3,0,0,0,1.4,1.6,5,0,0
7,NoFr03,North Fork Creek,Wood,2,14,0.1767,0.1726,0.174525697,0.0039,0.176288889,NA,434.675,19.7675,8.29,5.13E-09,8.6525,56.7,415.5,83.05,498.55,0,0,6,1.5,0.1,0.1,0,84.3,0,0,0,1.4,1.6,5,0,0
8,NoFr03,North Fork Creek,Wood,1,7,0.185,0.1904,0.182723565,0.0098,0.176288889,NA,434.675,19.7675,8.29,5.13E-09,8.6525,56.7,415.5,83.05,498.55,0,0,6,1.5,0.1,0.1,0,84.3,0,0,0,1.4,1.6,5,0,0
9,NoFr03,North Fork Creek,Wood,4,28,0.2026,0.1941,0.200106996,0.0089,0.176288889,0.199568035,434.675,19.7675,8.29,5.13E-09,8.6525,56.7,415.5,83.05,498.55,0,0,6,1.5,0.1,0.1,0,84.3,0,0,0,1.4,1.6,5,0,0
10,NoFr03,North Fork Creek,Wood,4,28,0.1959,0.1875,0.19348944,0.0102,0.176288889,0.192216582,434.675,19.7675,8.29,5.13E-09,8.6525,56.7,415.5,83.05,498.55,0,0,6,1.5,0.1,0.1,0,84.3,0,0,0,1.4,1.6,5,0,0
11,NoFr03,North Fork Creek,Wood,3,21,0.1675,0.1667,0.165438904,0.0104,0.176288889,NA,434.675,19.7675,8.29,5.13E-09,8.6525,56.7,415.5,83.05,498.55,0,0,6,1.5,0.1,0.1,0,84.3,0,0,0,1.4,1.6,5,0,0
12,NoFr03,North Fork Creek,Wood,3,21,0.1704,0.1679,0.168303219,0.0086,0.176288889,NA,434.675,19.7675,8.29,5.13E-09,8.6525,56.7,415.5,83.05,498.55,0,0,6,1.5,0.1,0.1,0,84.3,0,0,0,1.4,1.6,5,0,0
13,NoFr03,North Fork Creek,Wood,4,28,0.1792,0.1694,0.176994935,0.0049,0.176288889,0.160486322,434.675,19.7675,8.29,5.13E-09,8.6525,56.7,415.5,83.05,498.55,0,0,6,1.5,0.1,0.1,0,84.3,0,0,0,1.4,1.6,5,0,0
14,NoFr03,North Fork Creek,Wood,1,7,0.1939,0.189,0.19151405,0.0099,0.176288889,NA,434.675,19.7675,8.29,5.13E-09,8.6525,56.7,415.5,83.05,498.55,0,0,6,1.5,0.1,0.1,0,84.3,0,0,0,1.4,1.6,5,0,0
15,NoFr03,North Fork Creek,Wood,1,7,0.1758,0.1794,0.173636772,0.0082,0.176288889,NA,434.675,19.7675,8.29,5.13E-09,8.6525,56.7,415.5,83.05,498.55,0,0,6,1.5,0.1,0.1,0,84.3,0,0,0,1.4,1.6,5,0,0
16,NoFr03,North Fork Creek,Wood,2,14,0.1937,0.1917,0.191316511,0.0059,0.176288889,NA,434.675,19.7675,8.29,5.13E-09,8.6525,56.7,415.5,83.05,498.55,0,0,6,1.5,0.1,0.1,0,84.3,0,0,0,1.4,1.6,5,0,0
17,NoFr01,North Fork Creek,Wood,2,14,0.2023,0.1995,0.199810688,0.009,0.148369397,NA,601.35,20.74,8.3275,4.70E-09,9.3825,73.3,568.5,127.45,695.95,0,0,17.1,10.3,2.5,0,7.1,52.9,0,0.2,0,9.8,0.1,0,0,0
18,NoFr01,North Fork Creek,Wood,2,14,0.1786,0.166,0.176402318,0.0052,0.148369397,NA,601.35,20.74,8.3275,4.70E-09,9.3825,73.3,568.5,127.45,695.95,0,0,17.1,10.3,2.5,0,7.1,52.9,0,0.2,0,9.8,0.1,0,0,0
19,NoFr01,North Fork Creek,Wood,1,7,0.2045,0.1993,0.201983617,0.0108,0.148369397,NA,601.35,20.74,8.3275,4.70E-09,9.3825,73.3,568.5,127.45,695.95,0,0,17.1,10.3,2.5,0,7.1,52.9,0,0.2,0,9.8,0.1,0,0,0
20,NoFr01,North Fork Creek,Wood,4,28,0.1749,0.1701,0.172747846,0.012,0.148369397,0.15483871,601.35,20.74,8.3275,4.70E-09,9.3825,73.3,568.5,127.45,695.95,0,0,17.1,10.3,2.5,0,7.1,52.9,0,0.2,0,9.8,0.1,0,0,0
21,NoFr01,North Fork Creek,Wood,4,28,0.1971,0.1791,0.194674674,0.005,0.148369397,0.140608845,601.35,20.74,8.3275,4.70E-09,9.3825,73.3,568.5,127.45,695.95,0,0,17.1,10.3,2.5,0,7.1,52.9,0,0.2,0,9.8,0.1,0,0,0
22,NoFr01,North Fork Creek,Wood,2,14,0.206,0.1684,0.203465159,0.0066,0.148369397,NA,601.35,20.74,8.3275,4.70E-09,9.3825,73.3,568.5,127.45,695.95,0,0,17.1,10.3,2.5,0,7.1,52.9,0,0.2,0,9.8,0.1,0,0,0
23,NoFr01,North Fork Creek,Wood,3,21,0.2063,0.1898,0.203761468,0.0069,0.148369397,NA,601.35,20.74,8.3275,4.70E-09,9.3825,73.3,568.5,127.45,695.95,0,0,17.1,10.3,2.5,0,7.1,52.9,0,0.2,0,9.8,0.1,0,0,0
24,NoFr01,North Fork Creek,Wood,4,28,0.2008,0.1774,0.198329145,0.0066,0.148369397,0.168618267,601.35,20.74,8.3275,4.70E-09,9.3825,73.3,568.5,127.45,695.95,0,0,17.1,10.3,2.5,0,7.1,52.9,0,0.2,0,9.8,0.1,0,0,0
25,NoFr01,North Fork Creek,Wood,2,14,0.1786,0.1731,0.176402318,0.0067,0.148369397,NA,601.35,20.74,8.3275,4.70E-09,9.3825,73.3,568.5,127.45,695.95,0,0,17.1,10.3,2.5,0,7.1,52.9,0,0.2,0,9.8,0.1,0,0,0
26,NoFr01,North Fork Creek,Wood,1,7,0.202,0.2072,0.199514379,0.0096,0.148369397,NA,601.35,20.74,8.3275,4.70E-09,9.3825,73.3,568.5,127.45,695.95,0,0,17.1,10.3,2.5,0,7.1,52.9,0,0.2,0,9.8,0.1,0,0,0
27,NoFr01,North Fork Creek,Wood,3,21,0.1767,0.168,0.174525697,0.0061,0.148369397,NA,601.35,20.74,8.3275,4.70E-09,9.3825,73.3,568.5,127.45,695.95,0,0,17.1,10.3,2.5,0,7.1,52.9,0,0.2,0,9.8,0.1,0,0,0
28,NoFr01,North Fork Creek,Wood,4,28,0.1823,0.1762,0.180056789,0.013,0.148369397,0.129411765,601.35,20.74,8.3275,4.70E-09,9.3825,73.3,568.5,127.45,695.95,0,0,17.1,10.3,2.5,0,7.1,52.9,0,0.2,0,9.8,0.1,0,0,0
29,NoFr01,North Fork Creek,Wood,3,21,0.2312,0.2169,0.228355072,0.01,0.148369397,NA,601.35,20.74,8.3275,4.70E-09,9.3825,73.3,568.5,127.45,695.95,0,0,17.1,10.3,2.5,0,7.1,52.9,0,0.2,0,9.8,0.1,0,0,0
30,NoFr01,North Fork Creek,Wood,1,7,0.2055,0.2114,0.202971312,0.0126,0.148369397,NA,601.35,20.74,8.3275,4.70E-09,9.3825,73.3,568.5,127.45,695.95,0,0,17.1,10.3,2.5,0,7.1,52.9,0,0.2,0,9.8,0.1,0,0,0
31,NoFr01,North Fork Creek,Wood,1,7,0.2211,0.2244,0.218379353,0.0097,0.148369397,NA,601.35,20.74,8.3275,4.70E-09,9.3825,73.3,568.5,127.45,695.95,0,0,17.1,10.3,2.5,0,7.1,52.9,0,0.2,0,9.8,0.1,0,0,0
32,NoFr01,North Fork Creek,Wood,3,21,0.2156,0.1874,0.212947031,0.0074,0.148369397,NA,601.35,20.74,8.3275,4.70E-09,9.3825,73.3,568.5,127.45,695.95,0,0,17.1,10.3,2.5,0,7.1,52.9,0,0.2,0,9.8,0.1,0,0,0
33,ShCr02,Short Creek,Wood,1,7,0.2002,0.2049,0.197736529,0.0081,0.173444282,NA,1052.5,22.065,8.32,4.79E-09,8.5525,42.5,718,365.8,1083.8,0,0,10.1,2.3,0.6,0.2,2.6,57.7,0.2,0,0,2.5,15.9,7.9,0,0
34,ShCr02,Short Creek,Wood,1,7,0.215,0.2146,0.212354414,0.0071,0.173444282,NA,1052.5,22.065,8.32,4.79E-09,8.5525,42.5,718,365.8,1083.8,0,0,10.1,2.3,0.6,0.2,2.6,57.7,0.2,0,0,2.5,15.9,7.9,0,0
35,ShCr02,Short Creek,Wood,2,14,0.2019,0.1931,0.19941561,0.0055,0.173444282,NA,1052.5,22.065,8.32,4.79E-09,8.5525,42.5,718,365.8,1083.8,0,0,10.1,2.3,0.6,0.2,2.6,57.7,0.2,0,0,2.5,15.9,7.9,0,0
36,ShCr02,Short Creek,Wood,2,14,0.1759,0.1742,0.173735541,0.009,0.173444282,NA,1052.5,22.065,8.32,4.79E-09,8.5525,42.5,718,365.8,1083.8,0,0,10.1,2.3,0.6,0.2,2.6,57.7,0.2,0,0,2.5,15.9,7.9,0,0
37,ShCr02,Short Creek,Wood,3,21,0.1723,0.1708,0.170179839,0.0145,0.173444282,NA,1052.5,22.065,8.32,4.79E-09,8.5525,42.5,718,365.8,1083.8,0,0,10.1,2.3,0.6,0.2,2.6,57.7,0.2,0,0,2.5,15.9,7.9,0,0
38,ShCr02,Short Creek,Wood,1,7,0.2046,0.2078,0.202082386,0.0075,0.173444282,NA,1052.5,22.065,8.32,4.79E-09,8.5525,42.5,718,365.8,1083.8,0,0,10.1,2.3,0.6,0.2,2.6,57.7,0.2,0,0,2.5,15.9,7.9,0,0
39,ShCr02,Short Creek,Wood,1,7,0.1942,0.1949,0.191810359,0.0057,0.173444282,NA,1052.5,22.065,8.32,4.79E-09,8.5525,42.5,718,365.8,1083.8,0,0,10.1,2.3,0.6,0.2,2.6,57.7,0.2,0,0,2.5,15.9,7.9,0,0
40,ShCr02,Short Creek,Wood,2,14,0.1728,0.1718,0.170673687,0.0063,0.173444282,NA,1052.5,22.065,8.32,4.79E-09,8.5525,42.5,718,365.8,1083.8,0,0,10.1,2.3,0.6,0.2,2.6,57.7,0.2,0,0,2.5,15.9,7.9,0,0
41,ShCr02,Short Creek,Wood,4,28,0.182,0.1695,0.17976048,0.008,0.173444282,0.126811146,1052.5,22.065,8.32,4.79E-09,8.5525,42.5,718,365.8,1083.8,0,0,10.1,2.3,0.6,0.2,2.6,57.7,0.2,0,0,2.5,15.9,7.9,0,0
42,ShCr02,Short Creek,Wood,2,14,0.1655,0.1684,0.163463514,0.0096,0.173444282,NA,1052.5,22.065,8.32,4.79E-09,8.5525,42.5,718,365.8,1083.8,0,0,10.1,2.3,0.6,0.2,2.6,57.7,0.2,0,0,2.5,15.9,7.9,0,0
43,ShCr02,Short Creek,Wood,3,21,0.1814,0.1587,0.179167864,0.0105,0.173444282,NA,1052.5,22.065,8.32,4.79E-09,8.5525,42.5,718,365.8,1083.8,0,0,10.1,2.3,0.6,0.2,2.6,57.7,0.2,0,0,2.5,15.9,7.9,0,0
44,ShCr02,Short Creek,Wood,4,28,0.1895,0.178,0.187168193,0.011,0.173444282,0.214610778,1052.5,22.065,8.32,4.79E-09,8.5525,42.5,718,365.8,1083.8,0,0,10.1,2.3,0.6,0.2,2.6,57.7,0.2,0,0,2.5,15.9,7.9,0,0
45,ShCr02,Short Creek,Wood,4,28,0.1646,0.1566,0.162574588,0.007,0.173444282,0.165775401,1052.5,22.065,8.32,4.79E-09,8.5525,42.5,718,365.8,1083.8,0,0,10.1,2.3,0.6,0.2,2.6,57.7,0.2,0,0,2.5,15.9,7.9,0,0
46,ShCr02,Short Creek,Wood,4,28,0.1764,0.1596,0.174229389,0.0061,0.173444282,0.186579805,1052.5,22.065,8.32,4.79E-09,8.5525,42.5,718,365.8,1083.8,0,0,10.1,2.3,0.6,0.2,2.6,57.7,0.2,0,0,2.5,15.9,7.9,0,0
47,ShCr02,Short Creek,Wood,3,21,0.1871,0.1813,0.184797725,0.0083,0.173444282,NA,1052.5,22.065,8.32,4.79E-09,8.5525,42.5,718,365.8,1083.8,0,0,10.1,2.3,0.6,0.2,2.6,57.7,0.2,0,0,2.5,15.9,7.9,0,0
48,ShCr02,Short Creek,Wood,3,21,0.1911,0.1837,0.188748505,0.01,0.173444282,NA,1052.5,22.065,8.32,4.79E-09,8.5525,42.5,718,365.8,1083.8,0,0,10.1,2.3,0.6,0.2,2.6,57.7,0.2,0,0,2.5,15.9,7.9,0,0
49,BfCr01,Buffao Creek,Wood,4,28,0.1812,0.1782,0.178970325,0.0052,0.114798291,0.080462428,411.475,22.45,8.33,4.68E-09,9.035,40.4,253.85,114.1,367.95,0.1,0,7.4,0.6,0,0,1.4,63.4,0,0,0,0.6,2.6,21.4,1.8,0.6
50,BfCr01,Buffao Creek,Wood,1,7,0.1709,0.1784,0.168797067,0.0122,0.114798291,NA,411.475,22.45,8.33,4.68E-09,9.035,40.4,253.85,114.1,367.95,0.1,0,7.4,0.6,0,0,1.4,63.4,0,0,0,0.6,2.6,21.4,1.8,0.6
51,BfCr01,Buffao Creek,Wood,3,21,0.1562,0.1612,0.154277951,0.011,0.114798291,NA,411.475,22.45,8.33,4.68E-09,9.035,40.4,253.85,114.1,367.95,0.1,0,7.4,0.6,0,0,1.4,63.4,0,0,0,0.6,2.6,21.4,1.8,0.6
52,BfCr01,Buffao Creek,Wood,2,14,0.1793,0.1828,0.177093704,0.01,0.114798291,NA,411.475,22.45,8.33,4.68E-09,9.035,40.4,253.85,114.1,367.95,0.1,0,7.4,0.6,0,0,1.4,63.4,0,0,0,0.6,2.6,21.4,1.8,0.6
53,BfCr01,Buffao Creek,Wood,2,14,0.1798,0.1844,0.177587552,0.0127,0.114798291,NA,411.475,22.45,8.33,4.68E-09,9.035,40.4,253.85,114.1,367.95,0.1,0,7.4,0.6,0,0,1.4,63.4,0,0,0,0.6,2.6,21.4,1.8,0.6
54,BfCr01,Buffao Creek,Wood,2,14,0.1891,0.1884,0.186773115,0.0082,0.114798291,NA,411.475,22.45,8.33,4.68E-09,9.035,40.4,253.85,114.1,367.95,0.1,0,7.4,0.6,0,0,1.4,63.4,0,0,0,0.6,2.6,21.4,1.8,0.6
55,BfCr01,Buffao Creek,Wood,4,28,0.1972,0.1944,0.194773444,0.009,0.114798291,0.103559871,411.475,22.45,8.33,4.68E-09,9.035,40.4,253.85,114.1,367.95,0.1,0,7.4,0.6,0,0,1.4,63.4,0,0,0,0.6,2.6,21.4,1.8,0.6
56,BfCr01,Buffao Creek,Wood,4,28,0.2137,0.2086,0.21107041,0.0127,0.114798291,0.156814701,411.475,22.45,8.33,4.68E-09,9.035,40.4,253.85,114.1,367.95,0.1,0,7.4,0.6,0,0,1.4,63.4,0,0,0,0.6,2.6,21.4,1.8,0.6
57,BfCr01,Buffao Creek,Wood,3,21,0.1874,0.1819,0.185094033,0.0117,0.114798291,NA,411.475,22.45,8.33,4.68E-09,9.035,40.4,253.85,114.1,367.95,0.1,0,7.4,0.6,0,0,1.4,63.4,0,0,0,0.6,2.6,21.4,1.8,0.6
58,BfCr01,Buffao Creek,Wood,1,7,0.1754,0.1838,0.173241694,0.0126,0.114798291,NA,411.475,22.45,8.33,4.68E-09,9.035,40.4,253.85,114.1,367.95,0.1,0,7.4,0.6,0,0,1.4,63.4,0,0,0,0.6,2.6,21.4,1.8,0.6
59,BfCr01,Buffao Creek,Wood,4,28,0.1935,0.1921,0.191118972,0.0096,0.114798291,0.118356164,411.475,22.45,8.33,4.68E-09,9.035,40.4,253.85,114.1,367.95,0.1,0,7.4,0.6,0,0,1.4,63.4,0,0,0,0.6,2.6,21.4,1.8,0.6
60,BfCr01,Buffao Creek,Wood,3,21,0.1886,0.1889,0.186279267,0.0127,0.114798291,NA,411.475,22.45,8.33,4.68E-09,9.035,40.4,253.85,114.1,367.95,0.1,0,7.4,0.6,0,0,1.4,63.4,0,0,0,0.6,2.6,21.4,1.8,0.6
61,BfCr01,Buffao Creek,Wood,1,7,0.1713,0.1793,0.169192145,0.0114,0.114798291,NA,411.475,22.45,8.33,4.68E-09,9.035,40.4,253.85,114.1,367.95,0.1,0,7.4,0.6,0,0,1.4,63.4,0,0,0,0.6,2.6,21.4,1.8,0.6
62,BfCr01,Buffao Creek,Wood,2,14,0.2145,0.2141,0.211860566,0.0104,0.114798291,NA,411.475,22.45,8.33,4.68E-09,9.035,40.4,253.85,114.1,367.95,0.1,0,7.4,0.6,0,0,1.4,63.4,0,0,0,0.6,2.6,21.4,1.8,0.6
63,BfCr01,Buffao Creek,Wood,3,21,0.1814,0.1762,0.179167864,0.0064,0.114798291,NA,411.475,22.45,8.33,4.68E-09,9.035,40.4,253.85,114.1,367.95,0.1,0,7.4,0.6,0,0,1.4,63.4,0,0,0,0.6,2.6,21.4,1.8,0.6
64,BfCr01,Buffao Creek,Wood,1,7,0.1607,0.1689,0.158722578,0.0122,0.114798291,NA,411.475,22.45,8.33,4.68E-09,9.035,40.4,253.85,114.1,367.95,0.1,0,7.4,0.6,0,0,1.4,63.4,0,0,0,0.6,2.6,21.4,1.8,0.6
65,BfCr02,Buffao Creek,Wood,2,14,0.1768,0.1713,0.174624467,0.0048,0.123633724,NA,452.675,22.4925,8.34,4.57E-09,8.865,42.3,405.1,82.25,487.35,2.3,0,8.3,2.9,0,0,0,72.9,1.4,0,0,1.9,4.7,4.3,0,1.3
66,BfCr02,Buffao Creek,Wood,2,14,0.182,0.1754,0.17976048,0.1055,0.123633724,NA,452.675,22.4925,8.34,4.57E-09,8.865,42.3,405.1,82.25,487.35,2.3,0,8.3,2.9,0,0,0,72.9,1.4,0,0,1.9,4.7,4.3,0,1.3
67,BfCr02,Buffao Creek,Wood,4,28,0.1806,0.1701,0.178377708,0.0047,0.123633724,0.099637243,452.675,22.4925,8.34,4.57E-09,8.865,42.3,405.1,82.25,487.35,2.3,0,8.3,2.9,0,0,0,72.9,1.4,0,0,1.9,4.7,4.3,0,1.3
68,BfCr02,Buffao Creek,Wood,2,14,0.1514,0.1524,0.149537015,0.012,0.123633724,NA,452.675,22.4925,8.34,4.57E-09,8.865,42.3,405.1,82.25,487.35,2.3,0,8.3,2.9,0,0,0,72.9,1.4,0,0,1.9,4.7,4.3,0,1.3
69,BfCr02,Buffao Creek,Wood,4,28,0.1933,0.179,0.190921433,0.0064,0.123633724,0.117728853,452.675,22.4925,8.34,4.57E-09,8.865,42.3,405.1,82.25,487.35,2.3,0,8.3,2.9,0,0,0,72.9,1.4,0,0,1.9,4.7,4.3,0,1.3
70,BfCr02,Buffao Creek,Wood,4,28,0.1794,0.1704,0.177192474,0.0081,0.123633724,0.145902649,452.675,22.4925,8.34,4.57E-09,8.865,42.3,405.1,82.25,487.35,2.3,0,8.3,2.9,0,0,0,72.9,1.4,0,0,1.9,4.7,4.3,0,1.3
71,BfCr02,Buffao Creek,Wood,4,28,0.1664,0.1692,0.164352439,0.0144,0.123633724,0.13126615,452.675,22.4925,8.34,4.57E-09,8.865,42.3,405.1,82.25,487.35,2.3,0,8.3,2.9,0,0,0,72.9,1.4,0,0,1.9,4.7,4.3,0,1.3
72,BfCr02,Buffao Creek,Wood,3,21,0.1536,0.1465,0.151709944,0.007,0.123633724,NA,452.675,22.4925,8.34,4.57E-09,8.865,42.3,405.1,82.25,487.35,2.3,0,8.3,2.9,0,0,0,72.9,1.4,0,0,1.9,4.7,4.3,0,1.3
73,BfCr02,Buffao Creek,Wood,3,21,0.1721,0.1588,0.1699823,-0.005,0.123633724,NA,452.675,22.4925,8.34,4.57E-09,8.865,42.3,405.1,82.25,487.35,2.3,0,8.3,2.9,0,0,0,72.9,1.4,0,0,1.9,4.7,4.3,0,1.3
74,BfCr02,Buffao Creek,Wood,1,7,0.1811,0.185,0.178871555,0.0101,0.123633724,NA,452.675,22.4925,8.34,4.57E-09,8.865,42.3,405.1,82.25,487.35,2.3,0,8.3,2.9,0,0,0,72.9,1.4,0,0,1.9,4.7,4.3,0,1.3
75,BfCr02,Buffao Creek,Wood,3,21,0.1755,0.1682,0.173340463,0.0062,0.123633724,NA,452.675,22.4925,8.34,4.57E-09,8.865,42.3,405.1,82.25,487.35,2.3,0,8.3,2.9,0,0,0,72.9,1.4,0,0,1.9,4.7,4.3,0,1.3
76,BfCr02,Buffao Creek,Wood,1,7,0.1813,0.1866,0.179069094,0.0092,0.123633724,NA,452.675,22.4925,8.34,4.57E-09,8.865,42.3,405.1,82.25,487.35,2.3,0,8.3,2.9,0,0,0,72.9,1.4,0,0,1.9,4.7,4.3,0,1.3
77,BfCr02,Buffao Creek,Wood,1,7,0.1756,0.1783,0.173439233,0.0081,0.123633724,NA,452.675,22.4925,8.34,4.57E-09,8.865,42.3,405.1,82.25,487.35,2.3,0,8.3,2.9,0,0,0,72.9,1.4,0,0,1.9,4.7,4.3,0,1.3
78,BfCr02,Buffao Creek,Wood,2,14,0.1735,0.1717,0.171365073,0.0057,0.123633724,NA,452.675,22.4925,8.34,4.57E-09,8.865,42.3,405.1,82.25,487.35,2.3,0,8.3,2.9,0,0,0,72.9,1.4,0,0,1.9,4.7,4.3,0,1.3
79,BfCr02,Buffao Creek,Wood,3,21,0.1771,0.1713,0.174920775,0.0069,0.123633724,NA,452.675,22.4925,8.34,4.57E-09,8.865,42.3,405.1,82.25,487.35,2.3,0,8.3,2.9,0,0,0,72.9,1.4,0,0,1.9,4.7,4.3,0,1.3
80,BfCr02,Buffao Creek,Wood,1,7,0.1787,0.1772,0.176501087,0.0111,0.123633724,NA,452.675,22.4925,8.34,4.57E-09,8.865,42.3,405.1,82.25,487.35,2.3,0,8.3,2.9,0,0,0,72.9,1.4,0,0,1.9,4.7,4.3,0,1.3
81,WeCr07,Wheeling Creek,Wood,1,7,0.17,0.1749,0.167908141,0.0072,0.092275334,NA,522.3333333,24.48166667,8.471666667,3.38E-09,9.8925,29.79,169,95.5,264.5,0,0,16.3,26.6,34.1,14.8,0,8.2,0,0,0,0,0,0,0,0
82,WeCr07,Wheeling Creek,Wood,4,28,0.1872,0.1843,0.184896494,0.0073,0.092275334,0.077740113,522.3333333,24.48166667,8.471666667,3.38E-09,9.8925,29.79,169,95.5,264.5,0,0,16.3,26.6,34.1,14.8,0,8.2,0,0,0,0,0,0,0,0
83,WeCr07,Wheeling Creek,Wood,3,21,0.196,0.1907,0.19358821,0.0062,0.092275334,NA,522.3333333,24.48166667,8.471666667,3.38E-09,9.8925,29.79,169,95.5,264.5,0,0,16.3,26.6,34.1,14.8,0,8.2,0,0,0,0,0,0,0,0
84,WeCr07,Wheeling Creek,Wood,2,14,0.1814,0.1815,0.179167864,0.005,0.092275334,NA,522.3333333,24.48166667,8.471666667,3.38E-09,9.8925,29.79,169,95.5,264.5,0,0,16.3,26.6,34.1,14.8,0,8.2,0,0,0,0,0,0,0,0
85,WeCr07,Wheeling Creek,Wood,4,28,0.1702,0.1677,0.16810568,0.0095,0.092275334,0.071807838,522.3333333,24.48166667,8.471666667,3.38E-09,9.8925,29.79,169,95.5,264.5,0,0,16.3,26.6,34.1,14.8,0,8.2,0,0,0,0,0,0,0,0
86,WeCr07,Wheeling Creek,Wood,1,7,0.1774,0.1864,0.175217084,0.017,0.092275334,NA,522.3333333,24.48166667,8.471666667,3.38E-09,9.8925,29.79,169,95.5,264.5,0,0,16.3,26.6,34.1,14.8,0,8.2,0,0,0,0,0,0,0,0
87,WeCr07,Wheeling Creek,Wood,2,14,0.1821,0.1841,0.17985925,0.0068,0.092275334,NA,522.3333333,24.48166667,8.471666667,3.38E-09,9.8925,29.79,169,95.5,264.5,0,0,16.3,26.6,34.1,14.8,0,8.2,0,0,0,0,0,0,0,0
88,WeCr07,Wheeling Creek,Wood,3,21,0.1761,0.1738,0.17393308,0.0066,0.092275334,NA,522.3333333,24.48166667,8.471666667,3.38E-09,9.8925,29.79,169,95.5,264.5,0,0,16.3,26.6,34.1,14.8,0,8.2,0,0,0,0,0,0,0,0
89,WeCr07,Wheeling Creek,Wood,4,28,0.1681,0.1671,0.166031521,0.0099,0.092275334,0.105852417,522.3333333,24.48166667,8.471666667,3.38E-09,9.8925,29.79,169,95.5,264.5,0,0,16.3,26.6,34.1,14.8,0,8.2,0,0,0,0,0,0,0,0
90,WeCr07,Wheeling Creek,Wood,3,21,0.1882,0.1931,0.185884189,0.0139,0.092275334,NA,522.3333333,24.48166667,8.471666667,3.38E-09,9.8925,29.79,169,95.5,264.5,0,0,16.3,26.6,34.1,14.8,0,8.2,0,0,0,0,0,0,0,0
91,WeCr07,Wheeling Creek,Wood,3,21,0.1763,0.1727,0.174130619,0.0051,0.092275334,NA,522.3333333,24.48166667,8.471666667,3.38E-09,9.8925,29.79,169,95.5,264.5,0,0,16.3,26.6,34.1,14.8,0,8.2,0,0,0,0,0,0,0,0
92,WeCr07,Wheeling Creek,Wood,2,14,0.1788,0.1788,0.176599857,0.0067,0.092275334,NA,522.3333333,24.48166667,8.471666667,3.38E-09,9.8925,29.79,169,95.5,264.5,0,0,16.3,26.6,34.1,14.8,0,8.2,0,0,0,0,0,0,0,0
93,WeCr07,Wheeling Creek,Wood,2,14,0.2075,0.2047,0.204946702,0.0046,0.092275334,NA,522.3333333,24.48166667,8.471666667,3.38E-09,9.8925,29.79,169,95.5,264.5,0,0,16.3,26.6,34.1,14.8,0,8.2,0,0,0,0,0,0,0,0
94,WeCr07,Wheeling Creek,Wood,1,7,0.1883,0.2042,0.185982959,0.0193,0.092275334,NA,522.3333333,24.48166667,8.471666667,3.38E-09,9.8925,29.79,169,95.5,264.5,0,0,16.3,26.6,34.1,14.8,0,8.2,0,0,0,0,0,0,0,0
95,WeCr07,Wheeling Creek,Wood,4,28,0.1964,0.1874,0.193983288,0.0115,0.092275334,NA,522.3333333,24.48166667,8.471666667,3.38E-09,9.8925,29.79,169,95.5,264.5,0,0,16.3,26.6,34.1,14.8,0,8.2,0,0,0,0,0,0,0,0
96,WeCr07,Wheeling Creek,Wood,1,7,0.1733,0.182,0.171167534,0.0118,0.092275334,NA,522.3333333,24.48166667,8.471666667,3.38E-09,9.8925,29.79,169,95.5,264.5,0,0,16.3,26.6,34.1,14.8,0,8.2,0,0,0,0,0,0,0,0
97,WdCr,Woodsdale Creek,Wood,1,7,0.1921,0.1995,0.189736199,0.0154,0.204704626,NA,764.6666667,23.23166667,8.376666667,,7.513333333,53.8,239.7,77.3,317,0,0,13.4,32.4,45.1,5.9,0,3.2,0,0,0,0,0,0,0,0
98,WdCr,Woodsdale Creek,Wood,3,21,0.1774,0.1728,0.175217084,0.0098,0.204704626,NA,764.6666667,23.23166667,8.376666667,,7.513333333,53.8,239.7,77.3,317,0,0,13.4,32.4,45.1,5.9,0,3.2,0,0,0,0,0,0,0,0
99,WdCr,Woodsdale Creek,Wood,4,28,0.1954,0.185,0.192995593,0.0126,0.204704626,NA,764.6666667,23.23166667,8.376666667,,7.513333333,53.8,239.7,77.3,317,0,0,13.4,32.4,45.1,5.9,0,3.2,0,0,0,0,0,0,0,0
100,WdCr,Woodsdale Creek,Wood,NA,NA,0.1776,NA,0.175414623,NA,0.204704626,NA,764.6666667,23.23166667,8.376666667,,7.513333333,53.8,239.7,77.3,317,0,0,13.4,32.4,45.1,5.9,0,3.2,0,0,0,0,0,0,0,0
101,WdCr,Woodsdale Creek,Wood,3,21,0.1923,0.1424,0.189933738,0.0058,0.204704626,NA,764.6666667,23.23166667,8.376666667,,7.513333333,53.8,239.7,77.3,317,0,0,13.4,32.4,45.1,5.9,0,3.2,0,0,0,0,0,0,0,0
102,WdCr,Woodsdale Creek,Wood,1,7,0.1969,0.2107,0.194477135,0.0219,0.204704626,NA,764.6666667,23.23166667,8.376666667,,7.513333333,53.8,239.7,77.3,317,0,0,13.4,32.4,45.1,5.9,0,3.2,0,0,0,0,0,0,0,0
103,WdCr,Woodsdale Creek,Wood,3,21,0.1848,0.1774,0.182526026,0.0061,0.204704626,NA,764.6666667,23.23166667,8.376666667,,7.513333333,53.8,239.7,77.3,317,0,0,13.4,32.4,45.1,5.9,0,3.2,0,0,0,0,0,0,0,0
104,WdCr,Woodsdale Creek,Wood,3,21,0.2158,0.2102,0.21314457,0.012,0.204704626,NA,764.6666667,23.23166667,8.376666667,,7.513333333,53.8,239.7,77.3,317,0,0,13.4,32.4,45.1,5.9,0,3.2,0,0,0,0,0,0,0,0
105,WdCr,Woodsdale Creek,Wood,NA,NA,0.2155,NA,0.212848261,NA,0.204704626,NA,764.6666667,23.23166667,8.376666667,,7.513333333,53.8,239.7,77.3,317,0,0,13.4,32.4,45.1,5.9,0,3.2,0,0,0,0,0,0,0,0
106,WdCr,Woodsdale Creek,Wood,4,28,0.1863,0.1801,0.184007569,0.0127,0.204704626,NA,764.6666667,23.23166667,8.376666667,,7.513333333,53.8,239.7,77.3,317,0,0,13.4,32.4,45.1,5.9,0,3.2,0,0,0,0,0,0,0,0
107,WdCr,Woodsdale Creek,Wood,4,28,0.2124,0.1981,0.209786407,0.0089,0.204704626,NA,764.6666667,23.23166667,8.376666667,,7.513333333,53.8,239.7,77.3,317,0,0,13.4,32.4,45.1,5.9,0,3.2,0,0,0,0,0,0,0,0
108,WdCr,Woodsdale Creek,Wood,2,14,0.1938,0.1979,0.191415281,0.009,0.204704626,0.20974478,764.6666667,23.23166667,8.376666667,,7.513333333,53.8,239.7,77.3,317,0,0,13.4,32.4,45.1,5.9,0,3.2,0,0,0,0,0,0,0,0
109,WdCr,Woodsdale Creek,Wood,2,14,0.2011,0.1996,0.198625454,0.009,0.204704626,0.178733572,764.6666667,23.23166667,8.376666667,,7.513333333,53.8,239.7,77.3,317,0,0,13.4,32.4,45.1,5.9,0,3.2,0,0,0,0,0,0,0,0
110,WdCr,Woodsdale Creek,Wood,4,28,0.2217,0.2109,0.21897197,0.0089,0.204704626,NA,764.6666667,23.23166667,8.376666667,,7.513333333,53.8,239.7,77.3,317,0,0,13.4,32.4,45.1,5.9,0,3.2,0,0,0,0,0,0,0,0
111,WdCr,Woodsdale Creek,Wood,2,14,0.2119,0.2145,0.209292559,0.0066,0.204704626,0.203805497,764.6666667,23.23166667,8.376666667,,7.513333333,53.8,239.7,77.3,317,0,0,13.4,32.4,45.1,5.9,0,3.2,0,0,0,0,0,0,0,0
112,WdCr,Woodsdale Creek,Wood,2,14,0.2216,0.2191,0.2188732,0.0045,0.204704626,0.226534653,764.6666667,23.23166667,8.376666667,,7.513333333,53.8,239.7,77.3,317,0,0,13.4,32.4,45.1,5.9,0,3.2,0,0,0,0,0,0,0,0
113,LrCr,Long Run Creek,Wood,2,14,0.215,0.2116,0.212354414,0.0023,0.30800397,NA,652.3333333,22.5,8.36,4.37E-09,10.2225,54.5,304.355,79.4,383.755,0,0,25.2,30.4,23.3,8.5,0,12.7,0,0,0,0,0,0,0,0
114,LrCr,Long Run Creek,Wood,1,7,0.2197,0.2341,0.21699658,0.0169,0.30800397,NA,652.3333333,22.5,8.36,4.37E-09,10.2225,54.5,304.355,79.4,383.755,0,0,25.2,30.4,23.3,8.5,0,12.7,0,0,0,0,0,0,0,0
115,LrCr,Long Run Creek,Wood,2,14,0.2043,0.2042,0.201786078,0.0082,0.30800397,NA,652.3333333,22.5,8.36,4.37E-09,10.2225,54.5,304.355,79.4,383.755,0,0,25.2,30.4,23.3,8.5,0,12.7,0,0,0,0,0,0,0,0
116,LrCr,Long Run Creek,Wood,3,21,0.1805,0.144,0.178278938,0.0042,0.30800397,NA,652.3333333,22.5,8.36,4.37E-09,10.2225,54.5,304.355,79.4,383.755,0,0,25.2,30.4,23.3,8.5,0,12.7,0,0,0,0,0,0,0,0
117,LrCr,Long Run Creek,Wood,4,28,0.1909,0.1771,0.188550966,0.008,0.30800397,0.280070964,652.3333333,22.5,8.36,4.37E-09,10.2225,54.5,304.355,79.4,383.755,0,0,25.2,30.4,23.3,8.5,0,12.7,0,0,0,0,0,0,0,0
118,LrCr,Long Run Creek,Wood,3,21,0.1632,0.1776,0.161191815,0.005,0.30800397,NA,652.3333333,22.5,8.36,4.37E-09,10.2225,54.5,304.355,79.4,383.755,0,0,25.2,30.4,23.3,8.5,0,12.7,0,0,0,0,0,0,0,0
119,LrCr,Long Run Creek,Wood,3,21,0.1658,0.1592,0.163759822,0.0072,0.30800397,NA,652.3333333,22.5,8.36,4.37E-09,10.2225,54.5,304.355,79.4,383.755,0,0,25.2,30.4,23.3,8.5,0,12.7,0,0,0,0,0,0,0,0
120,LrCr,Long Run Creek,Wood,1,7,0.2193,0.2347,0.216601502,0.0171,0.30800397,NA,652.3333333,22.5,8.36,4.37E-09,10.2225,54.5,304.355,79.4,383.755,0,0,25.2,30.4,23.3,8.5,0,12.7,0,0,0,0,0,0,0,0
121,LrCr,Long Run Creek,Wood,4,28,0.1815,0.1733,0.179266633,0.0128,0.30800397,0.360872274,652.3333333,22.5,8.36,4.37E-09,10.2225,54.5,304.355,79.4,383.755,0,0,25.2,30.4,23.3,8.5,0,12.7,0,0,0,0,0,0,0,0
122,LrCr,Long Run Creek,Wood,1,7,0.1766,0.1871,0.174426928,0.0465,0.30800397,NA,652.3333333,22.5,8.36,4.37E-09,10.2225,54.5,304.355,79.4,383.755,0,0,25.2,30.4,23.3,8.5,0,12.7,0,0,0,0,0,0,0,0
123,LrCr,Long Run Creek,Wood,2,14,0.1893,0.186,0.186970654,0.0033,0.30800397,NA,652.3333333,22.5,8.36,4.37E-09,10.2225,54.5,304.355,79.4,383.755,0,0,25.2,30.4,23.3,8.5,0,12.7,0,0,0,0,0,0,0,0
124,LrCr,Long Run Creek,Wood,4,28,0.1992,0.1888,0.196748834,0.0089,0.30800397,0.289938855,652.3333333,22.5,8.36,4.37E-09,10.2225,54.5,304.355,79.4,383.755,0,0,25.2,30.4,23.3,8.5,0,12.7,0,0,0,0,0,0,0,0
125,LrCr,Long Run Creek,Wood,1,7,0.2024,0.2076,0.199909457,0.0276,0.30800397,NA,652.3333333,22.5,8.36,4.37E-09,10.2225,54.5,304.355,79.4,383.755,0,0,25.2,30.4,23.3,8.5,0,12.7,0,0,0,0,0,0,0,0
126,LrCr,Long Run Creek,Wood,4,28,0.2074,0.1856,0.204847932,0.0092,0.30800397,0.301133787,652.3333333,22.5,8.36,4.37E-09,10.2225,54.5,304.355,79.4,383.755,0,0,25.2,30.4,23.3,8.5,0,12.7,0,0,0,0,0,0,0,0
127,LrCr,Long Run Creek,Wood,3,21,0.1912,0.1835,0.188847274,0.0039,0.30800397,NA,652.3333333,22.5,8.36,4.37E-09,10.2225,54.5,304.355,79.4,383.755,0,0,25.2,30.4,23.3,8.5,0,12.7,0,0,0,0,0,0,0,0
128,LrCr,Long Run Creek,Wood,2,14,0.2053,0.1826,0.202773773,0.0052,0.30800397,NA,652.3333333,22.5,8.36,4.37E-09,10.2225,54.5,304.355,79.4,383.755,0,0,25.2,30.4,23.3,8.5,0,12.7,0,0,0,0,0,0,0,0
129,WeCr03,Wheeling Creek,Wood,4,28,0.187,0.1819,0.184698955,0.0112,0.095055297,0.118101933,483.8833333,24.565,8.39,4.07E-09,8.4825,32.4,368,102.55,470.55,0.9,0,27.4,24.9,22.2,8,0,16.5,0,0,0,0,0,0,0,0
130,WeCr03,Wheeling Creek,Wood,3,21,0.1879,0.1636,0.185587881,0.004,0.095055297,NA,483.8833333,24.565,8.39,4.07E-09,8.4825,32.4,368,102.55,470.55,0.9,0,27.4,24.9,22.2,8,0,16.5,0,0,0,0,0,0,0,0
131,WeCr03,Wheeling Creek,Wood,2,14,0.2069,0.2097,0.204354085,0.0091,0.095055297,NA,483.8833333,24.565,8.39,4.07E-09,8.4825,32.4,368,102.55,470.55,0.9,0,27.4,24.9,22.2,8,0,16.5,0,0,0,0,0,0,0,0
132,WeCr03,Wheeling Creek,Wood,1,7,0.1984,0.2168,0.195958678,0.0258,0.095055297,NA,483.8833333,24.565,8.39,4.07E-09,8.4825,32.4,368,102.55,470.55,0.9,0,27.4,24.9,22.2,8,0,16.5,0,0,0,0,0,0,0,0
133,WeCr03,Wheeling Creek,Wood,1,7,0.1967,0.2097,0.194279596,0.0189,0.095055297,NA,483.8833333,24.565,8.39,4.07E-09,8.4825,32.4,368,102.55,470.55,0.9,0,27.4,24.9,22.2,8,0,16.5,0,0,0,0,0,0,0,0
134,WeCr03,Wheeling Creek,Wood,1,7,0.2288,0.2429,0.225984604,0.0198,0.095055297,NA,483.8833333,24.565,8.39,4.07E-09,8.4825,32.4,368,102.55,470.55,0.9,0,27.4,24.9,22.2,8,0,16.5,0,0,0,0,0,0,0,0
135,WeCr03,Wheeling Creek,Wood,3,21,0.2011,0.1984,0.198625454,0.0094,0.095055297,NA,483.8833333,24.565,8.39,4.07E-09,8.4825,32.4,368,102.55,470.55,0.9,0,27.4,24.9,22.2,8,0,16.5,0,0,0,0,0,0,0,0
136,WeCr03,Wheeling Creek,Wood,2,14,0.2169,0.2089,0.214231034,0.0054,0.095055297,NA,483.8833333,24.565,8.39,4.07E-09,8.4825,32.4,368,102.55,470.55,0.9,0,27.4,24.9,22.2,8,0,16.5,0,0,0,0,0,0,0,0
137,WeCr03,Wheeling Creek,Wood,3,21,0.2151,0.2136,0.212453183,0.011,0.095055297,NA,483.8833333,24.565,8.39,4.07E-09,8.4825,32.4,368,102.55,470.55,0.9,0,27.4,24.9,22.2,8,0,16.5,0,0,0,0,0,0,0,0
138,WeCr03,Wheeling Creek,Wood,2,14,0.21,0.2105,0.207415939,0.0095,0.095055297,NA,483.8833333,24.565,8.39,4.07E-09,8.4825,32.4,368,102.55,470.55,0.9,0,27.4,24.9,22.2,8,0,16.5,0,0,0,0,0,0,0,0
139,WeCr03,Wheeling Creek,Wood,4,28,0.2196,0.2095,0.216897811,0.0051,0.095055297,0.093933464,483.8833333,24.565,8.39,4.07E-09,8.4825,32.4,368,102.55,470.55,0.9,0,27.4,24.9,22.2,8,0,16.5,0,0,0,0,0,0,0,0
140,WeCr03,Wheeling Creek,Wood,3,21,0.1777,0.1729,0.175513392,0.0082,0.095055297,NA,483.8833333,24.565,8.39,4.07E-09,8.4825,32.4,368,102.55,470.55,0.9,0,27.4,24.9,22.2,8,0,16.5,0,0,0,0,0,0,0,0
141,WeCr03,Wheeling Creek,Wood,4,28,0.1901,0.1844,0.18776081,0.0106,0.095055297,0.091139241,483.8833333,24.565,8.39,4.07E-09,8.4825,32.4,368,102.55,470.55,0.9,0,27.4,24.9,22.2,8,0,16.5,0,0,0,0,0,0,0,0
142,WeCr03,Wheeling Creek,Wood,2,14,0.2149,0.2115,0.212255644,0.0064,0.095055297,NA,483.8833333,24.565,8.39,4.07E-09,8.4825,32.4,368,102.55,470.55,0.9,0,27.4,24.9,22.2,8,0,16.5,0,0,0,0,0,0,0,0
143,WeCr03,Wheeling Creek,Wood,4,28,0.2051,0.1974,0.202576234,0.0105,0.095055297,0.077046549,483.8833333,24.565,8.39,4.07E-09,8.4825,32.4,368,102.55,470.55,0.9,0,27.4,24.9,22.2,8,0,16.5,0,0,0,0,0,0,0,0
144,WeCr03,Wheeling Creek,Wood,1,7,0.1889,0.1982,0.186575576,0.0316,0.095055297,NA,483.8833333,24.565,8.39,4.07E-09,8.4825,32.4,368,102.55,470.55,0.9,0,27.4,24.9,22.2,8,0,16.5,0,0,0,0,0,0,0,0
145,OhRv01,Ohio River,Wood,1,7,0.1661,0.1662,0.164056131,0.0142,0.103219724,NA,311.35,27.62333333,8.206666667,6.21E-09,8.0875,47.2,517,106.35,623.35,0.9,0,27.4,24.9,22.2,8,0,16.5,0,0,0,0,0,0,0,0
146,OhRv01,Ohio River,Wood,4,28,0.1931,0.1932,0.190723894,0.0181,0.103219724,0.129754426,311.35,27.62333333,8.206666667,6.21E-09,8.0875,47.2,517,106.35,623.35,30.3,0,11.2,19.7,26.2,9.7,0,2.9,0,0,0,0,0,0,0,0
147,OhRv01,Ohio River,Wood,3,21,0.1807,0.1825,0.178476477,0.0105,0.103219724,NA,311.35,27.62333333,8.206666667,6.21E-09,8.0875,47.2,517,106.35,623.35,30.3,0,11.2,19.7,26.2,9.7,0,2.9,0,0,0,0,0,0,0,0
148,OhRv01,Ohio River,Wood,3,21,0.2123,0.2003,0.209687637,0.0054,0.103219724,NA,311.35,27.62333333,8.206666667,6.21E-09,8.0875,47.2,517,106.35,623.35,30.3,0,11.2,19.7,26.2,9.7,0,2.9,0,0,0,0,0,0,0,0
149,OhRv01,Ohio River,Wood,2,14,0.1947,0.2036,0.192304206,0.0171,0.103219724,NA,311.35,27.62333333,8.206666667,6.21E-09,8.0875,47.2,517,106.35,623.35,30.3,0,11.2,19.7,26.2,9.7,0,2.9,0,0,0,0,0,0,0,0
150,OhRv01,Ohio River,Wood,2,14,0.1924,0.1864,0.190032508,0.0033,0.103219724,NA,311.35,27.62333333,8.206666667,6.21E-09,8.0875,47.2,517,106.35,623.35,30.3,0,11.2,19.7,26.2,9.7,0,2.9,0,0,0,0,0,0,0,0
151,OhRv01,Ohio River,Wood,3,21,0.1607,0.1595,0.158722578,0.0065,0.103219724,NA,311.35,27.62333333,8.206666667,6.21E-09,8.0875,47.2,517,106.35,623.35,30.3,0,11.2,19.7,26.2,9.7,0,2.9,0,0,0,0,0,0,0,0
152,OhRv01,Ohio River,Wood,3,21,0.1943,0.1653,0.191909128,0.0107,0.103219724,NA,311.35,27.62333333,8.206666667,6.21E-09,8.0875,47.2,517,106.35,623.35,30.3,0,11.2,19.7,26.2,9.7,0,2.9,0,0,0,0,0,0,0,0
153,OhRv01,Ohio River,Wood,1,7,0.2118,0.2117,0.20919379,0.013,0.103219724,NA,311.35,27.62333333,8.206666667,6.21E-09,8.0875,47.2,517,106.35,623.35,30.3,0,11.2,19.7,26.2,9.7,0,2.9,0,0,0,0,0,0,0,0
154,OhRv01,Ohio River,Wood,2,14,0.181,0.1803,0.178772786,0.0073,0.103219724,NA,311.35,27.62333333,8.206666667,6.21E-09,8.0875,47.2,517,106.35,623.35,30.3,0,11.2,19.7,26.2,9.7,0,2.9,0,0,0,0,0,0,0,0
155,OhRv01,Ohio River,Wood,4,28,0.1808,0.1803,0.178575247,0.01,0.103219724,0.074221961,311.35,27.62333333,8.206666667,6.21E-09,8.0875,47.2,517,106.35,623.35,30.3,0,11.2,19.7,26.2,9.7,0,2.9,0,0,0,0,0,0,0,0
156,OhRv01,Ohio River,Wood,1,7,0.1761,0.1834,0.17393308,0.0209,0.103219724,NA,311.35,27.62333333,8.206666667,6.21E-09,8.0875,47.2,517,106.35,623.35,30.3,0,11.2,19.7,26.2,9.7,0,2.9,0,0,0,0,0,0,0,0
157,OhRv01,Ohio River,Wood,4,28,0.2051,0.1921,0.202576234,0.007,0.103219724,0.127930848,311.35,27.62333333,8.206666667,6.21E-09,8.0875,47.2,517,106.35,623.35,30.3,0,11.2,19.7,26.2,9.7,0,2.9,0,0,0,0,0,0,0,0
158,OhRv01,Ohio River,Wood,2,14,0.1949,0.1923,0.192501745,0.0048,0.103219724,NA,311.35,27.62333333,8.206666667,6.21E-09,8.0875,47.2,517,106.35,623.35,30.3,0,11.2,19.7,26.2,9.7,0,2.9,0,0,0,0,0,0,0,0
159,OhRv01,Ohio River,Wood,1,7,0.1843,0.1857,0.182032179,0.0088,0.103219724,NA,311.35,27.62333333,8.206666667,6.21E-09,8.0875,47.2,517,106.35,623.35,30.3,0,11.2,19.7,26.2,9.7,0,2.9,0,0,0,0,0,0,0,0
160,OhRv01,Ohio River,Wood,4,28,0.2111,0.2123,0.208502403,0.0147,0.103219724,0.08097166,311.35,27.62333333,8.206666667,6.21E-09,8.0875,47.2,517,106.35,623.35,30.3,0,11.2,19.7,26.2,9.7,0,2.9,0,0,0,0,0,0,0,0